ma_count,exudate_area,vessel_density,glcm_contrast,glcm_homogeneity,glcm_energy,label
10.0,0.0,0.02731384761314953,30.54330624558105,0.9439028689613492,0.5037292215528099,1
14.0,1466.0,0.027201439574332763,27.87757643012516,0.9056762832452203,0.36813705715048006,4
14.0,1562.0,0.02578757648775226,41.19632961037745,0.9038373160624589,0.39244934759994515,2
11.0,1529.0,0.029033432154222803,43.521306190292464,0.8673456212211851,0.3424275649783757,0
13.0,1246.0,0.04474574608934438,46.460016026797774,0.8793815007481185,0.3375209779002314,0
18.0,2131.0,0.027704383478456024,45.6674429468881,0.8931786204535571,0.36960034680828946,4
12.0,2506.0,0.026616935687214637,40.49388975088827,0.8960123721164667,0.3676835160910816,2
19.0,70.0,0.028430631978777713,74.45976883998861,0.7727286423375218,0.2167026628992722,0
9.0,0.0,0.02818071258051439,14.764603659105878,0.9336041805046783,0.3949826207883057,2
15.0,670.0,0.027184927884946166,42.41748399792263,0.8987779685801054,0.38026736903177627,1
13.0,2776.0,0.028717982932079566,46.851215761714506,0.8777432208533543,0.31018725363057376,2
18.0,1883.0,0.03819253486948605,53.51315791669565,0.8549894534479652,0.3250817773960541,0
15.0,3848.0,0.028061399771880883,50.6337717470944,0.8608143968579725,0.2690039165940876,3
12.0,3700.0,0.03600975693122762,51.806114992221595,0.8445808547415101,0.3019397112365537,1
16.0,2818.0,0.026886934681177126,43.815977542922624,0.8686020987748919,0.36951053399569234,0
14.0,1666.0,0.03600770727292237,48.02643966483875,0.865803603808917,0.32451857556611413,0
14.0,2114.0,0.027186554722518942,72.40219477904706,0.7908851916352948,0.22032533504189208,0
15.0,2170.0,0.027319499627514277,28.42851217298749,0.9432401647384351,0.47803097233542347,2
20.0,267.0,0.028830317443533832,30.500167499354305,0.9074504009288675,0.3763706976695605,0
8.0,2942.0,0.029593145334705927,46.71569625279785,0.8897942994486501,0.3423920356093986,2
18.0,473.0,0.027551119645618766,22.535074517803398,0.9434666406336035,0.4695444670227033,2
14.0,71.0,0.026193423831444813,29.518558196722218,0.9257155735338416,0.47574091357932535,0
13.0,548.0,0.026167594728268684,40.65484766580927,0.8857169115992239,0.356376269025329,1
7.0,470.0,0.03999280840246187,106.36041467155812,0.8232658373491414,0.2845359404386061,0
11.0,277.0,0.028064486389636,25.84106456118557,0.9184902862276872,0.38658293684230516,2
12.0,746.0,0.029471456947922962,37.6342213084532,0.903982174617781,0.3630721526648639,2
11.0,2715.0,0.037562720139808485,45.783283138738604,0.8465659610656757,0.3014510866586895,0
19.0,3150.0,0.026792793072893187,45.33760022225352,0.8602990125987839,0.34536732807224485,0
19.0,783.0,0.028564457067195816,44.625325314192324,0.8906316763529516,0.30775480402732397,0
9.0,1500.0,0.031884120581125136,39.1849009601611,0.8827503739512048,0.3696888377464014,0
19.0,291.0,0.028532132023980653,42.97710266898223,0.8779644997742164,0.34825063658498084,0
7.0,2386.0,0.050499417836444745,50.18237564175496,0.8734300059040785,0.310005107423072,0
22.0,2984.0,0.038654717086541945,46.896992024646565,0.8486156399503662,0.29969235515100584,4
18.0,1015.0,0.02974083056879745,91.667033205185,0.7906960552259276,0.23993146844033686,2
14.0,860.0,0.02691770229376827,36.95067372859303,0.9196756285722467,0.36436601215209924,4
18.0,0.0,0.028100156058194603,14.542909953595426,0.9508063517347665,0.5544020704442807,2
16.0,987.0,0.0452883171161758,74.80340974861097,0.8095972391655648,0.2782026841115205,0
8.0,2985.0,0.028701831771120505,22.791235258281944,0.8925876760458433,0.3264843517071913,4
14.0,501.0,0.027434439928678837,33.250999025576064,0.9064475217582043,0.4117510251742832,0
12.0,1404.0,0.03105153703398603,49.12334583536476,0.8553687249065131,0.3260772396798567,0
14.0,1024.0,0.027654763873212605,19.85309826385479,0.9198299972809088,0.3939757203891476,4
18.0,423.0,0.02815822946731959,19.603273090029198,0.9235853148123867,0.4382464428043652,2
11.0,1362.0,0.028616134836570755,28.250590162237145,0.9128879707588027,0.35790400627799945,2
15.0,3008.0,0.027508676304639428,32.828043675811266,0.8844920054719101,0.3417415242200341,4
19.0,1134.0,0.053154088339063134,104.82971631493295,0.7531198477414306,0.2020495754681243,2
13.0,1548.0,0.035715363703499495,68.73351823930827,0.8070079250759044,0.2586390928659069,1
25.0,399.0,0.028262138313074534,30.64098761998899,0.8970220406032965,0.3385753131260102,2
8.0,183.0,0.028016051986214003,58.826361946986935,0.8424003278902104,0.31667158044533295,4
16.0,302.0,0.027986411797171973,33.07560042043106,0.9121355929731293,0.4197102854102448,0
17.0,1013.0,0.03022771797186341,48.59165737321295,0.884136658271061,0.33300511707798014,3
14.0,2303.0,0.035522978181785354,51.29612375948837,0.8818915342854702,0.35102763323944425,1
13.0,2169.0,0.02744367782261792,56.84595280834098,0.8959523578429267,0.306101383438812,2
15.0,575.0,0.026819700486520343,25.34534589242149,0.928563482923366,0.4755864743299498,2
12.0,647.0,0.028739301210816193,14.430371421617284,0.9414788101515758,0.47083379241796325,2
16.0,2224.0,0.027723044938677673,35.530288680328475,0.8900725827415191,0.31737690672324875,2
13.0,367.0,0.02729026081532525,36.06436519924002,0.8989650030421406,0.41800477894295784,0
5.0,4415.0,0.02788998828993799,27.702621191443217,0.9290774907843296,0.4228502391989873,3
16.0,2315.0,0.028300027590556148,31.125635900323978,0.8992752991424098,0.3857826050411513,2
18.0,1934.0,0.03921272870333799,60.74155211707881,0.8391197807411788,0.3026992670846751,0
9.0,34.0,0.025526611827385907,68.88160114915158,0.8898797398166953,0.31922896146064383,0
19.0,3145.0,0.03222466244651407,43.862558554218765,0.8809369875175166,0.38078500604264803,1
5.0,762.0,0.025616488159164893,61.505727291090395,0.8864310049508609,0.3478172118047522,0
15.0,63.0,0.02922475646036283,34.506092500220504,0.896766388422327,0.3739082588219283,2
7.0,563.0,0.030244862305753035,47.00775218960913,0.8568237928434894,0.32403156439734093,0
14.0,2678.0,0.03454725809268171,43.06422243749148,0.8520073011772316,0.29313201616259116,0
12.0,3444.0,0.03618275883562925,60.60461862459374,0.8111438765781185,0.23692933992479995,0
14.0,4232.0,0.037613612820120164,49.30675602936759,0.8434141747010759,0.3052853173174985,2
12.0,2857.0,0.028564417443582974,35.390808341639044,0.8762013000096839,0.33921250015126475,2
19.0,3573.0,0.027662633374521094,58.37013753723171,0.8284696329485698,0.30380402059806344,0
16.0,779.0,0.0323578411146237,52.53166655931775,0.8647239204226325,0.34108630456497785,0
6.0,992.0,0.04169650306466341,40.04948707139194,0.8876581211710566,0.34373762496190197,0
15.0,852.0,0.0274978039879971,35.540501822981255,0.8886352718441608,0.3191693128805869,1
12.0,879.0,0.030515536111919806,40.06451829528137,0.8958203996239982,0.4007711250026801,1
7.0,6204.0,0.02626885320856827,40.45891966262448,0.8800466546307525,0.29251317629317897,3
8.0,2495.0,0.044651350116814204,52.146605524691765,0.8663708332346298,0.3151342859760866,0
7.0,2682.0,0.029840244876756107,61.68998703600213,0.8274397171513367,0.2953619403065267,2
5.0,0.0,0.026746006890072033,84.7572062106983,0.8817726873766788,0.31600882858247836,0
16.0,1008.0,0.030675723545606524,51.70801640151441,0.8539196827819907,0.3235320827293138,0
21.0,268.0,0.028659927094331898,25.733279898959083,0.9339839962878258,0.472582106225003,2
15.0,901.0,0.028737585587001582,41.20576119193516,0.9060956113284518,0.34730319009726063,1
19.0,957.0,0.026898152712671083,33.452944453085564,0.9001817200225051,0.3176081940479392,0
14.0,558.0,0.027617030314079347,32.06405203446789,0.8917805615912688,0.3468769243648583,3
5.0,53.0,0.03037920678606982,59.64812969158091,0.8862741259067863,0.3221175639190834,0
15.0,579.0,0.027149030635491244,27.99932412387261,0.8978816640811431,0.32682777624564585,1
14.0,4800.0,0.02621051447107531,26.1910172788125,0.9222096752842741,0.44179370708673443,2
13.0,1482.0,0.026957389585793304,33.032658661916805,0.9016551958289614,0.3430983375229722,0
19.0,3598.0,0.027663753314347443,38.48895059463293,0.8886542382135612,0.3292137558099638,3
17.0,1276.0,0.030199435306771837,35.98646394636512,0.8822001177067051,0.3328968287467244,0
20.0,1951.0,0.027356833397475223,33.6991404189545,0.8779743603947291,0.33801546416565253,4
16.0,4196.0,0.029538326749446606,37.41130393781369,0.8747130609144858,0.3261539297370243,2
9.0,590.0,0.02750173509466444,31.599284918124532,0.9089357686655406,0.44144545096953325,2
14.0,945.0,0.026143760439591116,32.106390178507084,0.9078634243052764,0.4326549725480562,0
9.0,1115.0,0.03682247754004745,88.84232701063762,0.7999025591317226,0.2603294809164745,0
13.0,1978.0,0.03807348862661211,55.13126743308669,0.8476199071493689,0.3263878663482371,0
16.0,530.0,0.03186607763034604,36.587687964355865,0.8998101670586176,0.4053414203294313,0
12.0,558.0,0.03160193782076057,39.07404126904652,0.8947074242973383,0.32232762817581273,1
16.0,2190.0,0.030529914652565267,47.237332137255024,0.873453367282194,0.33324551957955967,0
12.0,1596.0,0.02944883220458129,22.434140931517497,0.9092429719264881,0.3706011252334,3
13.0,808.0,0.029704868115277963,42.35110286955159,0.8780189657844253,0.3516706364356418,1
14.0,1375.0,0.04195453575805138,67.6934385483685,0.8110150711328306,0.2665275635115304,0
16.0,4063.0,0.029597943978850582,44.806579799346736,0.862683719822945,0.3118889242413384,2
16.0,782.0,0.027071825349072827,29.844218887674902,0.8989690803981386,0.37577470079085756,2
17.0,0.0,0.02580648632555737,41.47667243370541,0.9225768503248488,0.35446846217883116,0
6.0,448.0,0.027460231812040672,59.98596428512206,0.8887429279360767,0.2966508105428858,0
12.0,4018.0,0.047217320261437906,47.063967044795284,0.8691997454134723,0.2662076103221029,0
3.0,895.0,0.026315899467913913,54.98191642955433,0.8668477870212322,0.30204528044069084,0
15.0,2256.0,0.026421211427862298,37.33289771222247,0.893069229854579,0.31410510335422986,4
8.0,5286.0,0.028001891886565634,42.01989103058615,0.8820532014870408,0.3564597915627656,4
19.0,1654.0,0.03358269902976054,58.687365324803984,0.8349584766407725,0.3099649466962573,0
9.0,2117.0,0.039116690285084826,55.77377435094158,0.844429607904031,0.29074715281630586,1
7.0,7013.0,0.02857924786486104,32.657450124160064,0.9082620529785002,0.37256661350799103,2
11.0,2947.0,0.026511323898206138,38.43283233714641,0.8778259514428601,0.31077454966852935,4
7.0,1760.0,0.03751435938647826,37.31262603466817,0.8898660322421672,0.349212997074441,0
15.0,4462.0,0.03227777777777778,36.77279095399422,0.8777886670346593,0.30055027697639053,2
16.0,579.0,0.029437489494948236,40.62382528874094,0.8686076518040555,0.3455709066940163,0
11.0,2672.0,0.03755761033415797,44.86750676505744,0.8501844677068727,0.28513640519092753,0
14.0,2793.0,0.02737953795379538,41.463616781596144,0.875055300850889,0.3529068706087164,0
18.0,2467.0,0.03045554625236456,52.122888201390346,0.863610165123636,0.32405682362407595,0
17.0,1400.0,0.026345582302261004,45.913534713796,0.8619189239800419,0.32559290728353324,0
26.0,1082.0,0.027862236817380568,29.818949382441957,0.892314963550247,0.331888815566808,0
20.0,4515.0,0.03230918870588046,52.6776650902277,0.8580608364384985,0.3024951173535577,3
13.0,140.0,0.02738510501107196,33.0851637291572,0.9257749065140027,0.4761002515361694,2
10.0,2124.0,0.03382374566465696,50.62796328611921,0.867096704266377,0.3601996005321291,0
12.0,3308.0,0.026956445933601938,36.68995947348306,0.9197879981067733,0.38467000388080674,2
12.0,3545.0,0.034469261751745556,58.033319526703835,0.8252758211555735,0.2911988328325461,0
12.0,366.0,0.03136111111111111,34.74111143157996,0.8992820075813471,0.3070627266732182,0
13.0,308.0,0.026499909734619784,30.533511820168677,0.8970058411998797,0.316156433699875,4
22.0,84.0,0.03229871703760456,69.29571126006257,0.7809106020342085,0.22843471550969163,0
17.0,0.0,0.0290323158498137,106.98597261687468,0.7423277511324333,0.22206186518904997,0
12.0,1786.0,0.03393917081296279,49.81171566493688,0.8463854435679525,0.2834333243295546,1
19.0,2201.0,0.029412038762579203,46.36703961997611,0.8720576113693606,0.37150264625382223,0
15.0,2305.0,0.02748288867160218,29.457547669745303,0.8964376718607566,0.3545303300647868,2
13.0,458.0,0.028134286512540272,46.56660107030707,0.9010890927401918,0.32992816903647115,2
15.0,106.0,0.03350975709460186,65.66378527274509,0.8170218587141842,0.28482631435213646,0
13.0,248.0,0.0302495725015693,27.365522450862045,0.8924568388823466,0.358542593664909,2
16.0,1701.0,0.028214513228969163,40.54329220028612,0.9002199341971113,0.3871661059803773,2
11.0,473.0,0.02760353515203061,40.90516779727936,0.9291564348568722,0.40161408480273336,1
16.0,446.0,0.03139825034544899,46.12508722779245,0.8746016562959549,0.3478839796146923,0
19.0,280.0,0.028275355937178923,45.84780992245241,0.8989565248803508,0.33530760819908767,1
22.0,2774.0,0.027156673474328492,43.589548688646715,0.8720787954383448,0.3582006997163159,0
9.0,283.0,0.042278597670194665,103.99144009953591,0.7482070222084094,0.2389306489228722,0
5.0,740.0,0.05588545054930428,60.32090365188012,0.8400770374137674,0.24630133931741538,0
12.0,2195.0,0.02810404799112769,29.160739374616472,0.9047344763844336,0.3919118268988712,2
14.0,2325.0,0.03276923291756335,42.20495518936836,0.8915168281976182,0.38532995273739945,0
15.0,472.0,0.03194448767430279,50.9321983689455,0.8411185770759129,0.2733174793278015,2
18.0,678.0,0.028663927549637532,27.683836222453756,0.9070337043386547,0.3650343754173372,0
15.0,220.0,0.02854009156872924,49.31740205213261,0.9000209339573859,0.3842961532636105,1
10.0,3121.0,0.029539451057784244,33.0410463494278,0.8703999447698221,0.28669322602728536,4
19.0,2668.0,0.032688619546396874,57.105781450718915,0.8423606498844564,0.2900412316653569,2
11.0,1625.0,0.02790712840570844,31.55233932391728,0.9192618564521879,0.42454971692308746,0
17.0,2462.0,0.03106053992181513,43.0243433958639,0.8766656143394124,0.346215145137939,2
19.0,1177.0,0.03132364920746457,54.69565907160184,0.8496447670172609,0.32491110770650194,0
6.0,0.0,0.03723877860996177,79.0253712206446,0.7955677243983017,0.2429962000826628,0
9.0,3395.0,0.03682427125642349,75.11179361715779,0.812817406182631,0.2695008524998559,0
6.0,2141.0,0.040146231131969606,72.8187753826258,0.8111078328214931,0.2431095549502998,0
14.0,992.0,0.031840157461965515,83.95223867588227,0.7524640473437237,0.19962024801128975,0
16.0,1161.0,0.0300205105413957,36.04156316252198,0.897819933890845,0.4084893430558869,0
14.0,748.0,0.027707274663965095,38.67896112658576,0.896878242762807,0.3268640576027482,0
16.0,4743.0,0.03486271379628626,44.60907498706695,0.8523247461829543,0.2613688994922599,4
4.0,752.0,0.02902695718711976,63.98735416956772,0.8899557996821128,0.3791034969075945,0
14.0,256.0,0.02654630762564495,44.71048875675301,0.9293540091978139,0.3506738735968171,2
15.0,2946.0,0.041335685111550315,66.65593058760007,0.8052685923447354,0.24611553987261714,0
14.0,4695.0,0.02757311509555675,38.14622855380718,0.87433755717326,0.33018573122211425,2
12.0,4152.0,0.027915534134926697,40.637118743546644,0.8988335502306856,0.34162650687496854,2
16.0,266.0,0.03347607283018795,41.98165002888361,0.8548233239871076,0.2907032439062896,2
12.0,5118.0,0.026551254238881012,39.09959023461679,0.8845898914185266,0.2866921363106912,3
17.0,37.0,0.02767272242919359,27.633714140683878,0.9197619334764797,0.4087277845586421,2
9.0,0.0,0.0272970986654195,60.87705564152246,0.8976431420448695,0.31868905302680384,0
21.0,1735.0,0.027418155095310218,37.221741060368004,0.9013562627756332,0.3309484282490625,0
19.0,1905.0,0.026548157574158706,21.374713411343176,0.935873541197103,0.4205050020931382,3
9.0,4428.0,0.044157884891189124,131.4258301636504,0.7415727782584207,0.1740502086522192,0
7.0,746.0,0.03011226713228185,22.01576279658921,0.8994149509501264,0.3666406716307691,0
13.0,1532.0,0.02699510912602892,47.05463925674343,0.8719232057115798,0.27095861090150725,4
15.0,128.0,0.02689809903374717,45.884787404619814,0.8956579369694686,0.34289208043954744,0
11.0,1375.0,0.03111692844677138,67.0876416019158,0.8267066804913973,0.2862814048290525,0
12.0,115.0,0.029379464309865707,21.934357416458646,0.9150993307956306,0.4406408969971073,2
9.0,2381.0,0.029737117980227427,29.486717587504785,0.9027108160578585,0.316520502087999,1
12.0,711.0,0.031631506588700675,102.46165070753011,0.800083927492427,0.22041900342797724,0
16.0,456.0,0.036015668822575994,46.13936176556236,0.8719102241444937,0.33265804094347823,0
14.0,0.0,0.03565102890082405,136.15582224793542,0.7127790154023577,0.1680186472279093,0
10.0,2974.0,0.027005740247496038,41.317042855630966,0.888944677034543,0.3377329942284646,2
19.0,725.0,0.029652149695278962,49.54723047715538,0.8478087242766201,0.3307859346320191,0
10.0,815.0,0.02920714900410332,62.37914463196545,0.815869220146254,0.2585303832079028,0
9.0,0.0,0.03883569787504135,177.20480934086424,0.6805162736620661,0.17229573836837012,0
10.0,4273.0,0.030533214762813256,52.87727423013081,0.8398962729544219,0.2946395850534712,2
16.0,1166.0,0.03471728963610337,48.94884044949558,0.8616265945738518,0.32577582260728355,0
14.0,153.0,0.030092057052775432,28.838461569878337,0.906114839532258,0.3758229156664164,0
8.0,1854.0,0.029504962084158953,67.63680493696259,0.857346037961125,0.2997981738843014,0
15.0,707.0,0.032926725913487026,56.63815514108083,0.8763296356856942,0.35053357171832,1
16.0,5024.0,0.0267248201686085,42.78844239276319,0.884772605630572,0.3093588299316372,3
19.0,896.0,0.027847487398055842,30.75899032788526,0.9031038054013344,0.3981446018794151,1
17.0,1321.0,0.02680957662150319,47.842304434648995,0.8647465544748012,0.3241242467577437,0
19.0,510.0,0.02988455208467794,48.64457302268036,0.8732787329550433,0.2862701063874241,4
16.0,331.0,0.027339364928041638,48.03379359653803,0.8586249971635393,0.3281434731522535,0
14.0,1878.0,0.03384731304324426,54.93664280076209,0.8696687038266765,0.31499208927570216,0
13.0,2032.0,0.03570784560467366,68.8157296110664,0.8399357894276409,0.2909513718185408,2
15.0,1485.0,0.027923626394423928,19.59798739739855,0.9082829035341,0.38263459602546146,4
13.0,1877.0,0.032411989539328105,52.117181596847374,0.8653026358843142,0.3312875230606589,1
14.0,1987.0,0.03918983644768682,142.39540536251778,0.703765408581687,0.1850958500596097,0
12.0,2701.0,0.031136427612198536,53.08851738978566,0.8640352307674481,0.3452922671400951,0
16.0,4330.0,0.027422164228316927,30.003448154974684,0.8982159201829302,0.37577211824077716,3
22.0,2034.0,0.027679822776798226,43.718472159543936,0.8933122671337418,0.35133856531371244,2
18.0,2298.0,0.028539441685489646,42.45759830824325,0.8880993091369218,0.36994417902273363,2
14.0,827.0,0.025514143710100166,45.593424555228054,0.8672500961914328,0.3649914812529327,0
10.0,5900.0,0.028831809389208905,45.204572518448146,0.8795642818394172,0.3615462896151037,0
7.0,595.0,0.0318760737170779,70.15060779087005,0.8602014514311371,0.30236569675264624,0
17.0,1677.0,0.0273224043715847,38.9576030028941,0.9109360833644613,0.3957951134144224,1
5.0,4373.0,0.03397325299460151,39.52098740035206,0.877283188840688,0.2964557880766512,3
17.0,3139.0,0.02807454774860643,56.32741696080187,0.8328555375579589,0.2205839427510321,3
14.0,1858.0,0.026768919114455215,37.45615020991042,0.9038253910688987,0.3552812446368923,1
10.0,0.0,0.029821192548442604,68.11889098101395,0.8022869210182457,0.2501570262289552,0
16.0,892.0,0.02792333696130088,20.932401351164604,0.9160924535550536,0.3808516519230004,2
15.0,0.0,0.027025418287025347,30.69182909612336,0.8833076275795751,0.385534283877371,0
8.0,48.0,0.026396882749948575,27.524054806283267,0.9195806574295317,0.47709807530007936,2
12.0,5602.0,0.02700115373246756,69.44669359562522,0.8073728132280062,0.24325067983377568,2
3.0,1522.0,0.02793553081690518,54.660430023682764,0.876714708481384,0.33232330365276397,0
21.0,755.0,0.031847905249803174,50.4325414771297,0.8609862769564576,0.325492655217405,0
5.0,1821.0,0.02962266415122549,30.372821537677705,0.899941283539752,0.4305291047940605,2
12.0,141.0,0.03584057098498955,73.27578722942549,0.8035567800337065,0.2667213849527131,0
12.0,381.0,0.027968681612605163,35.76946528186424,0.901774185901788,0.3552934015484149,1
3.0,4952.0,0.02659532845572988,71.51145981047524,0.8238539221896215,0.24326345882656053,2
12.0,1450.0,0.030847342764786772,38.9831174925029,0.8964056349925197,0.3370434182429164,0
11.0,23.0,0.028938030907880663,19.126901290333524,0.9310825517768736,0.4880419525956358,0
13.0,874.0,0.033198947739154216,45.26982200709963,0.8738785147979902,0.349144636768736,1
5.0,819.0,0.026516951837769327,33.94711674858016,0.8859651497421245,0.38823774959652374,0
16.0,2498.0,0.02989095016726767,50.082897291834485,0.8647353903280943,0.34379887611655313,0
13.0,0.0,0.02686180677098173,45.522861665759976,0.8782132787287042,0.30607101872317694,2
14.0,2064.0,0.02815417782023159,32.71332329887954,0.9187315457531993,0.4595307947042335,2
17.0,3454.0,0.03285138862486146,58.78087247869517,0.8727246964726676,0.31426126471287436,0
15.0,209.0,0.029296529096123312,35.41904551845832,0.8914785405986558,0.3825314862594839,0
9.0,406.0,0.030333068992862807,47.92256105645602,0.8712270532267683,0.3319842378387395,1
12.0,25.0,0.027389999580551307,33.230044754047604,0.8952829636219337,0.33497675485897,4
22.0,2620.0,0.03734722506719304,56.90454206627548,0.8411022178747232,0.2944240970137276,0
16.0,769.0,0.027562444470273496,47.273600493728,0.9099040948398515,0.3676370764775885,1
6.0,3327.0,0.02894297941972434,39.97412087921259,0.9056579728471827,0.39723966063863553,1
14.0,681.0,0.027586922232276663,30.290084255992266,0.9055581131622237,0.35263880401045816,2
14.0,3299.0,0.029171666802592693,28.535733727132957,0.893345188977731,0.3746101935743376,4
8.0,611.0,0.02920097317731841,18.685306025732224,0.9322092135407083,0.37378925692092974,2
14.0,2572.0,0.02716105702583181,43.286473331584624,0.8839876607607663,0.3268131312849204,2
16.0,3332.0,0.028246726996290696,34.37051161575898,0.8899987748429421,0.3530020451438279,2
13.0,509.0,0.026824970120701598,33.74183399213889,0.9146977825949331,0.34846014450104484,0
15.0,1964.0,0.0347034710008957,51.35352982451002,0.8266069175497742,0.20459160081623512,2
11.0,701.0,0.028182906305965785,13.566489551431559,0.932009754491491,0.4210465653024511,2
26.0,405.0,0.02984703858502928,37.064592553392686,0.8930402334545019,0.37921227078951036,0
20.0,455.0,0.029614311179096072,38.40864802384897,0.8975606553218111,0.41024404008466225,0
20.0,1100.0,0.026073598675825024,42.382937379986984,0.9114335006060172,0.38093744033749277,2
12.0,3404.0,0.02785881836201886,41.021172421338775,0.9076836861444841,0.36957700376568203,2
20.0,2106.0,0.02589304849375231,48.59276630062006,0.862648176677479,0.3640618376516907,0
14.0,931.0,0.027612359463392987,36.154225625837164,0.8892170556896261,0.3912332264191418,0
8.0,2836.0,0.0314640522875817,40.16637783332928,0.8949912273473877,0.32210396018570414,0
17.0,1089.0,0.03081601841668539,43.116539543080414,0.8897505338150954,0.34463150973286577,1
13.0,1246.0,0.03658682216828604,52.502637981416754,0.8553816666927551,0.31577972324745784,0
9.0,1274.0,0.03723673568690369,70.28735688092297,0.8051727349095059,0.23921938392913258,2
20.0,520.0,0.02936280030583384,30.07292943233047,0.9166394259471597,0.4465043973061879,1
9.0,0.0,0.029348938070948963,27.058959291491213,0.8878299833341523,0.34221288284308327,2
12.0,615.0,0.026938433096676973,26.371933758729178,0.9301713528446586,0.51623562375137,0
13.0,666.0,0.02789961108221613,37.70211542023904,0.8925709033320399,0.37512135888755216,0
17.0,1726.0,0.028613940044947835,29.889433735814887,0.8921567793758338,0.3567202755393617,2
11.0,2637.0,0.027241050390458973,30.04221719946033,0.9253619889662371,0.41842538850453104,1
4.0,0.0,0.02647105266935588,38.946332065801556,0.9262130450904225,0.38416897990797366,0
15.0,1342.0,0.04246455583175959,81.31856818607056,0.7995618273702179,0.2428609729652016,0
14.0,942.0,0.03352220245364544,49.99992412405629,0.8713203380981684,0.34218773015216997,0
13.0,7013.0,0.026753158986609668,35.77324599590895,0.8717988153579943,0.2926291556752658,2
11.0,1980.0,0.04131624707185849,68.70033391060856,0.8218692354492746,0.27380487931512565,2
19.0,2027.0,0.02590339347666596,47.4119716278553,0.8634687371101138,0.32911155731790454,0
11.0,585.0,0.02924545147913732,19.900254703070274,0.907625795620165,0.3563360621576217,2
12.0,1575.0,0.027739982675893213,52.683236273778554,0.8609703074833053,0.3387341426279664,2
15.0,597.0,0.029137726579705234,18.25322026116316,0.9322983946839243,0.4415804269906169,2
14.0,67.0,0.031738307818832794,41.75356861798116,0.8796956203421408,0.37001471144554327,0
19.0,4684.0,0.02826036148332814,32.49374050119935,0.8938529782201516,0.3613138536618835,2
21.0,1693.0,0.03244808384379488,59.29064267936282,0.829423785143123,0.2952094070621193,2
8.0,355.0,0.03876705572908105,50.94226825721617,0.8611926722570455,0.3373691592122856,2
11.0,1043.0,0.028742719312532476,44.94408448244832,0.8879595692848841,0.33402982490397537,2
12.0,1958.0,0.028519784652083144,33.044764876682436,0.8848300647411296,0.3032119207900282,3
7.0,3265.0,0.03889135556685453,49.082478311437455,0.8580818066487772,0.2905531376195314,0
22.0,2733.0,0.034404361190624934,43.04583638116894,0.8710184717272407,0.3615429841904068,0
17.0,616.0,0.032718219460416295,61.36824461514821,0.8564447442206806,0.2909146244404258,0
18.0,2271.0,0.033743422595975334,57.35377099795851,0.8389849348175069,0.30261420049188004,0
14.0,572.0,0.029838657654622736,39.255091209025714,0.8840586408013038,0.30306469874890163,0
15.0,533.0,0.03146711446095018,48.1204705435602,0.8840566243889103,0.3537463371093308,2
16.0,1315.0,0.0343364704231383,35.338454771813915,0.870470118734535,0.3352827291617219,2
22.0,934.0,0.03957638125066025,61.364671672998085,0.8480974927407267,0.30298766621334056,0
17.0,1340.0,0.03560049319965159,56.485500697755654,0.8501648949238871,0.294162321882703,2
16.0,1376.0,0.02694676974215879,31.355843354208695,0.8719405229193935,0.31750692342458636,2
16.0,522.0,0.028357903039977143,34.91328430228576,0.9134072121126151,0.41224299292691363,0
24.0,2436.0,0.02746564914193342,67.54242236006513,0.8127724499036677,0.21568259917410884,3
16.0,471.0,0.029535093738721225,40.088697392384034,0.8960193165083313,0.381077301436142,0
6.0,407.0,0.028203203006454756,37.165278560078676,0.9281790974449986,0.42443824902830807,1
12.0,2434.0,0.028778944675110198,41.53607584341175,0.8589567784142288,0.31323537594457374,2
0.0,11068.0,0.04370555909368455,79.49229005921492,0.8270248876842068,0.23214424052823393,4
23.0,3485.0,0.027241212416924728,34.55433392060752,0.8905162125221042,0.32641048340286505,3
15.0,624.0,0.04135636807432222,58.93552983757941,0.8246409421041458,0.26953023667865555,0
15.0,1294.0,0.03527916931053581,53.4773675066712,0.8562389072440254,0.3313504449249658,0
8.0,1686.0,0.041711654064187025,57.014738854132496,0.843403308237945,0.29884740246687086,0
21.0,2902.0,0.02476800854529675,44.24132767330673,0.8716226403985367,0.37132076084808036,0
20.0,839.0,0.039705207125458185,64.45788776437212,0.8218951912840159,0.27132010132131185,0
18.0,982.0,0.0282910345121911,35.69538164091605,0.893669696748406,0.36995886694275415,3
7.0,846.0,0.029803888737729965,50.002760363793925,0.87515067451006,0.3282746315115047,0
12.0,3574.0,0.031397358628694916,55.549788972213776,0.8538225789477735,0.28056458987333766,2
9.0,2483.0,0.02986432036518796,54.47393903491983,0.8302074586043606,0.2684011690033769,4
6.0,235.0,0.03401143478018975,26.607122918088386,0.9092811016178688,0.4017543247217827,0
12.0,4243.0,0.04212710167269374,66.13875253650998,0.8403739343140109,0.32092755753326807,0
14.0,329.0,0.026798558713452332,31.011180206102686,0.9062859816965889,0.3842460029922838,4
14.0,1487.0,0.03486633277062212,51.57068301515821,0.8555336256680047,0.32857115164166434,0
16.0,132.0,0.027688394501634454,29.689576453083713,0.9103205895968631,0.4105292856000877,3
20.0,1969.0,0.02611465466947019,39.96441221452895,0.8813222661540392,0.3119199467538497,4
7.0,5403.0,0.03051130512567563,32.6640252745019,0.8821416619451773,0.33362508065509866,2
18.0,940.0,0.0280947233958927,26.58137909237501,0.912826494101479,0.38207467270917006,1
14.0,3502.0,0.027453044979776093,35.556082740319226,0.8741016788525401,0.27894786281411965,2
16.0,694.0,0.028735890981874308,36.38770743313768,0.8946883147846891,0.4024965699574689,0
13.0,1298.0,0.032497944299453005,46.14275541766902,0.8638258719940868,0.34059979425969555,0
17.0,2019.0,0.0275655315275279,57.083098929185894,0.8279702586215234,0.2317798103694366,0
10.0,51.0,0.034628248933925944,37.68421451697937,0.8864787137820949,0.3589832029117574,0
14.0,43.0,0.030138431208640605,60.82323330137032,0.8726228351142965,0.2830598482227482,0
12.0,3486.0,0.02729714935692629,30.304646850185133,0.901996645113261,0.3582741077643804,2
16.0,2628.0,0.034202341706340136,58.61272369006462,0.8516752086241078,0.3056363748979576,0
16.0,1265.0,0.03346669730699051,51.88584672639803,0.8752242638056249,0.335995957326106,1
18.0,220.0,0.025859941229523082,36.479743999266205,0.8990011190258989,0.4029856854388629,0
16.0,38.0,0.027606926850410763,32.497216071485674,0.9343465664412067,0.43447203163152737,2
5.0,6527.0,0.03093353359725984,64.3157392433787,0.8300860376393259,0.26837521259286046,2
9.0,608.0,0.03073946743187082,50.522476439118485,0.8480528536118359,0.30157921165215457,0
22.0,1088.0,0.029416324169404755,38.67529848922132,0.8978776876938399,0.38109123087350283,2
5.0,696.0,0.03573601428243719,61.13290254285614,0.8141898703218554,0.2573320675387123,0
13.0,0.0,0.02560018082112163,39.75053303645422,0.9236860354861303,0.38831463798691085,0
4.0,4032.0,0.03681542315709185,85.21478174577501,0.8053040934894785,0.2527961388815931,2
8.0,5596.0,0.02796209201316957,55.39293453364512,0.8512574085048142,0.2923856096256129,4
12.0,158.0,0.027621502391633003,26.888221937866994,0.9378662349275032,0.509886187854083,0
18.0,470.0,0.027074356593379947,28.81301128683337,0.8962131780923068,0.3370434748191607,0
7.0,0.0,0.038507486199268776,37.935583579467895,0.8916039537482783,0.3415163621785035,0
10.0,5623.0,0.033386212864147675,54.74390212962732,0.8700958287331324,0.3657532444363311,2
19.0,1390.0,0.028918804207087864,38.17277945671025,0.912922313881885,0.38260587908584903,0
15.0,903.0,0.02744411425110257,41.91495104655287,0.8995475844810055,0.3944179102036799,1
14.0,857.0,0.03525477544072345,46.14855915201552,0.871785434706596,0.33825453333062366,0
17.0,2396.0,0.02868056655886017,47.89721512746232,0.8648921456081452,0.3511551281346861,0
15.0,265.0,0.02869347616435606,37.80620935255087,0.8976711569360777,0.33513837994286577,0
15.0,2217.0,0.03216690738238678,31.488176107064866,0.8754916910067179,0.3214914603334718,0
6.0,1604.0,0.028716703981921284,46.948527105662016,0.9009007767901568,0.364400084879553,0
14.0,5003.0,0.026075416935052033,30.986814680109532,0.8935828818309137,0.3386549680442068,2
10.0,2247.0,0.02983402489626556,21.854448474188118,0.9010721597246035,0.3702360621739531,2
14.0,837.0,0.027694157808984404,29.015298137932387,0.9072016153083237,0.3542913506202222,2
10.0,4065.0,0.0345682221464068,32.30363532133492,0.8755791468722975,0.3364990529164026,2
22.0,1080.0,0.02746176973667415,32.45720330047371,0.8867278476679452,0.3155057983102978,3
9.0,5101.0,0.025970968244084684,35.38844349252608,0.8920109182474043,0.3408666129064441,3
15.0,170.0,0.028657285937932816,48.69872504901698,0.8360941371088189,0.2870523811475786,0
24.0,722.0,0.028470006165108586,31.462125684213337,0.9057104549763314,0.3926205170472437,2
13.0,3496.0,0.02758817839702698,32.94028576754858,0.9015499625588053,0.35094543828869135,1
12.0,8217.0,0.03016299390179996,37.87983403715923,0.8900816778180118,0.3213051911918375,2
11.0,2288.0,0.03194632582300819,39.272493933296126,0.886223746780487,0.37903092866592697,0
12.0,3329.0,0.032172718150113064,42.429039684765385,0.8568951093747659,0.3280760080592366,2
13.0,540.0,0.02866162876497034,36.44313895489063,0.8954305321751126,0.3841925945388885,1
14.0,962.0,0.032344017366082105,43.90427954889919,0.8637772920409374,0.3286301060560751,0
23.0,1052.0,0.03179424711042608,39.345906023509876,0.8841148529156426,0.38373574167005686,0
13.0,540.0,0.02866162876497034,36.44313895489063,0.8954305321751126,0.3841925945388885,1
17.0,841.0,0.027549448706022297,26.81748165619888,0.8910710936513528,0.3562463867868284,4
15.0,266.0,0.02738780933006903,26.285282161127107,0.9361588222597765,0.4752486902175393,1
12.0,2350.0,0.02629517513609491,47.82157106217051,0.865899629618371,0.3149654107278049,0
15.0,2767.0,0.0327363527445727,49.82405261476825,0.8652643901628854,0.31460308344381127,2
19.0,514.0,0.03387073216965975,39.05441306281247,0.8846909918410842,0.3848830406788487,0
16.0,999.0,0.03337813376424615,62.816985138078714,0.8444430940074135,0.28451116446628827,0
15.0,1767.0,0.039141484642222224,40.14924162922073,0.8397678053951281,0.248574842330314,2
13.0,3652.0,0.03159461755465795,54.87619959235049,0.8375971160373711,0.22415122356339143,4
17.0,836.0,0.02543207124003076,65.5977836202023,0.8465302712005839,0.3319871400991269,4
11.0,3655.0,0.034221603784218686,61.64387577206139,0.8424151722921414,0.27510831008484976,3
9.0,3632.0,0.042082325675131,78.9869646428869,0.8218609146015304,0.2533649878520813,0
9.0,377.0,0.029322202869766594,45.00667563422422,0.8714296890160275,0.3450926440896551,2
22.0,863.0,0.03678620614529921,56.172364276095266,0.8477962854972255,0.3084745765145124,0
12.0,306.0,0.026951342812619468,30.259794814718354,0.9240979931649166,0.43552460413045235,2
11.0,0.0,0.02893739152701511,37.68916046448193,0.883363384395209,0.3029041731091503,1
14.0,2252.0,0.027360303034432015,26.546167420611518,0.9213034268442549,0.3659968914469574,4
8.0,305.0,0.028418640822162944,75.20452193716383,0.8350840183714432,0.2974566513497858,0
19.0,671.0,0.030578153791671614,48.44284793279599,0.8889959290260173,0.30362417148713405,2
24.0,1853.0,0.027835112342985198,34.97363188570711,0.8815479625876013,0.359383459278808,3
18.0,358.0,0.037087164169816896,58.70552936741105,0.8452177504330637,0.3100800018564356,0
15.0,1281.0,0.035849074215237565,65.17873216736842,0.8213258469181814,0.2965853744005994,0
16.0,0.0,0.029471453502867114,32.9747323468904,0.8727735330907624,0.3308779734289119,0
12.0,1866.0,0.028037517596486275,22.112380980229325,0.8886411229454123,0.30934877191558113,2
7.0,4891.0,0.02897379068831978,44.53572411077515,0.8670727199139394,0.3459319132966706,1
19.0,966.0,0.025935547504494744,29.68378852098644,0.9120714711985819,0.3624750558022163,2
8.0,0.0,0.026413258705011575,31.898443011327913,0.934801205575607,0.3929039894098883,4
20.0,449.0,0.029685998798549648,37.69159325732627,0.893714108490888,0.38417532742651245,1
18.0,2233.0,0.023972084908403607,40.710166258692404,0.8693023256800245,0.31460877000852044,2
16.0,2140.0,0.029626879928429533,49.858396664007586,0.8589983977638889,0.34049245062216493,0
19.0,0.0,0.028688098975019154,32.30990709196386,0.9225828008804143,0.4297080996036312,1
9.0,3654.0,0.03545538966554847,35.1653111814732,0.8834122153434537,0.34286094655078686,0
16.0,64.0,0.028790128422783657,25.964030733963135,0.9079191333822895,0.39598884457007033,2
16.0,1470.0,0.025450977198065383,36.4095680171539,0.8908775291749845,0.34121323083404764,4
13.0,137.0,0.029361327181255743,38.55374564499617,0.9017952167051702,0.3568986352356257,2
11.0,505.0,0.024973763387461906,30.652142849382425,0.9028501538901065,0.3575028427137168,2
11.0,1014.0,0.02887738766882703,29.9896434052471,0.9078934630560063,0.3895635371615379,2
15.0,974.0,0.028504653801171866,29.07486552505588,0.9169507902063021,0.37531993575614697,2
19.0,839.0,0.03149905272663245,39.1593019927228,0.8940630416586195,0.38761709624952095,0
19.0,4312.0,0.03428923081701668,41.7230292191465,0.8642225001463034,0.32647022941526815,3
15.0,533.0,0.03046362559131157,39.29390629756797,0.8792463321728017,0.37110242933965376,0
17.0,1303.0,0.030955802950613353,40.48823312682316,0.8880009696267712,0.3971105509647314,0
6.0,3728.0,0.04587745728278258,46.93600158505309,0.8726791864578871,0.3245164735296865,0
19.0,996.0,0.02729809683157068,42.779085334910235,0.8745331898175612,0.3579533830615631,0
2.0,1978.0,0.02538194096212349,58.9506885885816,0.9011204456788016,0.4283408911375969,0
19.0,570.0,0.03732157674087704,73.5803991998455,0.7923743568047246,0.2573669909517038,0
20.0,882.0,0.027808849419797877,27.169482974154306,0.9330529987153372,0.42631752362955955,2
14.0,4647.0,0.02908285771989797,52.21818180744331,0.8330521765953952,0.2759365915195019,1
17.0,1311.0,0.03442709778304623,48.506649164714965,0.8532947433178474,0.3257819876706792,0
14.0,0.0,0.02805392964252566,67.20304243058935,0.7843842235965044,0.28188178610936576,0
14.0,630.0,0.02718930114575172,31.9481915392021,0.9283311288076731,0.44341388973278134,2
8.0,4007.0,0.030194528153116663,41.38700575900113,0.870808029719152,0.35533751158373245,0
10.0,1240.0,0.03682501255681765,157.70928994576622,0.691800857976802,0.18359024053073406,0
17.0,593.0,0.026172858637120832,29.499898352089122,0.9242314728901878,0.4695376479645613,0
23.0,2099.0,0.033512986418102575,49.76700493143534,0.8678011711020402,0.33689783531332657,0
14.0,1046.0,0.027135362650173737,34.983889579744954,0.9165790365950686,0.38738092777780314,2
20.0,1025.0,0.035601419397920595,58.835251229871545,0.8631569870272482,0.3084802742426655,0
16.0,817.0,0.027454392399978197,31.520043274464555,0.9006918577324203,0.3450110289006536,1
3.0,662.0,0.03660250458001857,100.49501650169974,0.8115861249380034,0.2654076288285713,0
15.0,458.0,0.02770408556786649,33.67255080537396,0.9038781869827193,0.366339628185801,0
16.0,4269.0,0.02650606496303736,57.499718804712266,0.8625066498130072,0.3132947870806057,2
15.0,752.0,0.044500831028376236,59.065101492479016,0.8372534916403378,0.30382206540272605,0
7.0,1249.0,0.035651450426363855,53.538073424209855,0.8112893269609069,0.2469773686274997,2
8.0,48.0,0.028760332365645458,14.80131033250849,0.9408133290970444,0.5018054715993199,2
18.0,1003.0,0.03306207706869166,48.06375550653843,0.8599166883151691,0.32573150963687914,0
5.0,1700.0,0.026853017044955706,53.5644286232246,0.8937942496713052,0.41084665106090523,0
14.0,1892.0,0.03534324767508497,54.68037691700208,0.8719266124165763,0.3281353024132655,2
19.0,1451.0,0.02782341711397211,36.92242575002335,0.9091241826306599,0.41104702576471336,0
13.0,1286.0,0.03291532662872321,49.564029492310794,0.8679657480619645,0.32894749620694896,1
13.0,6588.0,0.0255900693513608,47.909754944526846,0.8921459504888993,0.3570545560122952,2
15.0,1345.0,0.03630512848415129,58.57889638478315,0.8376818285942087,0.30784788819791276,0
6.0,0.0,0.02920378747060617,96.4816573047602,0.8645540636535289,0.2774546799662335,0
19.0,4684.0,0.02826036148332814,32.49374050119935,0.8938529782201516,0.3613138536618835,2
9.0,3945.0,0.029212018994660444,55.19446127379133,0.8461528813758222,0.27130215900335736,2
10.0,0.0,0.036163899236062884,55.65697771633002,0.8437468276781576,0.3344937590460647,0
19.0,595.0,0.027488337282305632,29.572023817897275,0.9174383011621582,0.4026260116425524,2
13.0,1924.0,0.027868529464445638,25.448890699331816,0.8883779569517859,0.31378792055222987,2
10.0,803.0,0.029883206378534994,41.393495718462496,0.8621796699023202,0.27125111059627555,0
14.0,0.0,0.027539174549221012,36.63116152399947,0.9340799202190415,0.457626266900291,1
16.0,2217.0,0.05088111953587949,83.95193586788082,0.8130979166177899,0.2903689641577416,0
11.0,1734.0,0.029813568577191883,58.22614657262142,0.8265395803726145,0.2847361890478434,0
15.0,3122.0,0.02987300916110787,40.66529163133143,0.8760780428769931,0.35229285999148774,4
13.0,1353.0,0.02870845874577218,35.688309967952875,0.8890541766932551,0.32650330652231274,2
19.0,1450.0,0.03132450926589092,39.83242597869873,0.8870253745824968,0.3696705874211973,0
15.0,246.0,0.027147845164435712,47.4839035162301,0.8992804320277231,0.3725425841322922,0
23.0,785.0,0.02944625258112305,36.63432734182644,0.8733235576825347,0.34581736911393457,4
15.0,2170.0,0.027319499627514277,28.42851217298749,0.9432401647384351,0.47803097233542347,2
16.0,28.0,0.026902785808430328,23.364765930258393,0.939376262260872,0.5105779707756803,0
17.0,3612.0,0.02935307857433308,52.88266454895353,0.8539571290535978,0.30589390524345084,2
10.0,140.0,0.02818562953574715,28.520891970613008,0.9050589770462315,0.44100582397323435,0
17.0,62.0,0.025751774120019357,21.304488010738755,0.9494097209419514,0.6061413867539872,0
14.0,432.0,0.03007291577878856,38.35084101131447,0.8926696887659309,0.3876783751101872,0
10.0,3955.0,0.04103396516214612,101.66024516272738,0.7744139013534224,0.23570624227065212,0
11.0,288.0,0.027752741548561922,25.307939003003348,0.9357875811087315,0.4165283387491856,2
21.0,37.0,0.026620650877822265,23.16781201739598,0.913302458892565,0.382673530474097,2
5.0,347.0,0.03269554159311285,91.2844266706091,0.8307496142571216,0.31226669369342336,0
20.0,777.0,0.02895413219212357,31.633375272923544,0.8866682480468244,0.30274902972948387,0
19.0,102.0,0.030152309053780198,33.04698257243743,0.8922365074084909,0.36143368320855146,2
17.0,126.0,0.025982125265863788,26.28875452860381,0.9362731389930168,0.5243191251558122,0
14.0,1369.0,0.03153120960525008,45.65483157197325,0.8648002798250392,0.33566359528208933,0
12.0,1989.0,0.026746037135118413,69.91505893912351,0.8541597723040399,0.3574650824400026,4
5.0,1244.0,0.03618659122310678,121.00700619864477,0.7586017085839961,0.21772134916126593,2
10.0,4608.0,0.032250438673889666,32.128283228335846,0.8946674670621803,0.35410280508313835,0
18.0,1421.0,0.026939222056439043,30.97707504584773,0.9030304983082,0.3615075872076551,4
11.0,3191.0,0.034202871534371806,52.96910516008988,0.8672442013553029,0.3858295231991759,1
11.0,3506.0,0.038792791849575105,104.21285378418071,0.7717391220734786,0.2100791206106214,0
23.0,1203.0,0.0267593795843426,44.728301970131824,0.8806659762827234,0.3622774645808296,0
7.0,5358.0,0.030327422570574664,36.14829815863591,0.8721612085330095,0.32962557303807904,2
18.0,1476.0,0.027054676401985257,38.05639417319122,0.8869286334785929,0.35495179835544954,2
13.0,315.0,0.032643745220318675,43.991568436002176,0.8835773453395434,0.3367198239268405,2
18.0,1122.0,0.02694730468734839,34.112369365855855,0.9026127065744131,0.3957603762775338,2
10.0,6328.0,0.03267972624273621,55.888399082661316,0.847884996922868,0.2746320802709953,2
19.0,1406.0,0.03155002389330553,54.34023052221426,0.8580784868542259,0.3241870515609702,0
7.0,1033.0,0.02606603369350889,28.89874965285037,0.9077051678518382,0.3466986260839389,4
15.0,1836.0,0.04038796068530597,57.95066934603085,0.8253035223318249,0.27440026398356965,0
9.0,5086.0,0.04557664417680812,63.35711430665119,0.8252128916867126,0.2692826122112597,0
16.0,505.0,0.027928164232701995,47.5427487320981,0.895038480201901,0.35722697372412643,4
9.0,100.0,0.026018139976474283,24.54449594117986,0.9300124623367091,0.4822138662529783,0
17.0,363.0,0.027738203375245015,20.23427118656464,0.9304297169507881,0.43834951116047427,2
5.0,281.0,0.029403255333689163,70.2305342109808,0.815609940397467,0.2838624962968837,0
11.0,2239.0,0.05138759649460674,68.98174032387658,0.8234433045371318,0.2613168025409499,0
12.0,3806.0,0.025987610715644188,38.24116164561467,0.8950841112824455,0.31250184733790115,4
15.0,4319.0,0.02878347282503199,34.420562386145285,0.8669083751415744,0.30027970546578714,2
18.0,1046.0,0.02999515684442308,23.17829794590447,0.9032302853199998,0.3874287670895491,4
16.0,309.0,0.03133496732026144,27.167576046759883,0.9042671529908898,0.32431377676121514,0
7.0,3184.0,0.03650490196078431,59.538147792202516,0.8281074530091131,0.2372979895769893,0
12.0,3662.0,0.03911749163621729,64.0189278779051,0.8444297752208682,0.2891944134433413,1
6.0,1167.0,0.029146511437238665,13.950580757433544,0.9381506354288249,0.39667458839916014,2
3.0,4184.0,0.03160154375168478,48.791291193912855,0.8635872844936223,0.29817026708362226,2
19.0,668.0,0.02677835409850189,31.558849948945742,0.9272492762590947,0.4200361012229761,4
17.0,255.0,0.028460375474061068,41.75481915953992,0.8909749933775353,0.36917821511376897,1
12.0,2125.0,0.026749262513988476,40.98188737842143,0.8791723980106466,0.3224956571929187,2
13.0,359.0,0.026340054332076535,53.7411385281505,0.8682456051491242,0.3114701557373897,0
12.0,1920.0,0.03264687917600697,36.65792537787473,0.8894444750838193,0.3744517186462244,0
8.0,0.0,0.028275669423026648,48.55571673162871,0.8437925080510218,0.3607678378265588,0
15.0,1763.0,0.03019571404360759,40.74466735522688,0.8621315743403848,0.2867158389903644,4
9.0,1054.0,0.027468944283495316,33.033490946664955,0.9145860028142659,0.3755578271487772,1
11.0,3096.0,0.029254032076710654,44.15939174425331,0.8515738663211725,0.30072972227778827,2
25.0,450.0,0.02852234892707068,31.984799077257378,0.9095176614664385,0.4201193875249957,2
17.0,199.0,0.029953243455070135,29.6300077672609,0.8856243917146085,0.3257676217157119,0
15.0,1221.0,0.02749292340189253,28.175598383137473,0.9089354490264662,0.35837573559951874,2
12.0,1872.0,0.029430116675957713,29.824249556672516,0.8986972338879957,0.33313273077120875,2
9.0,4799.0,0.028233165121644217,33.97226865126415,0.8854449656976904,0.34754984606355876,2
20.0,1605.0,0.028619106916629573,46.70535962238399,0.8578231344469922,0.32805576232848704,0
8.0,687.0,0.027438183294316094,52.84304442919557,0.9069840775750965,0.3556520764720294,2
10.0,3873.0,0.03594192666449339,49.16070114559061,0.8488162365117522,0.28715280120203834,2
4.0,4304.0,0.04389783360026975,50.06144733566006,0.8670513858268379,0.2923514590348886,0
17.0,3103.0,0.03284541235273117,31.776369097298808,0.8538328518362794,0.2590087541429742,3
20.0,1634.0,0.02597570385257227,37.766499762871646,0.9047128943368208,0.4084635944190862,0
13.0,5025.0,0.028301853209833475,29.775669272565274,0.9152963149109912,0.36381104311806,2
12.0,1661.0,0.032733160672058774,52.81986327903156,0.8567898180834544,0.3384320525997058,2
20.0,729.0,0.027396267226752456,41.73331034834361,0.8550294549260102,0.30043783243765076,2
9.0,1541.0,0.03603509113656625,72.6991790112813,0.8227782127083493,0.2500281641170021,0
17.0,647.0,0.03355749518543828,46.22931371428868,0.8605512796892754,0.3397076988098871,0
15.0,1803.0,0.032093698441662925,53.68101273368201,0.8671732224014503,0.3214967446308235,2
21.0,974.0,0.03830610938684997,91.06924379134941,0.766149722008493,0.22098868688927165,0
9.0,1740.0,0.02701939462165304,41.11524389060669,0.9124894124809162,0.331298973965766,2
18.0,439.0,0.028900489016533415,34.556181696718824,0.8962967581520076,0.3729605660147655,4
22.0,487.0,0.028012874236182428,25.593933383722923,0.9083512487089438,0.3886069325092262,4
8.0,757.0,0.02946191264229477,94.80697944042254,0.8454915778112508,0.2652632247706944,0
10.0,1705.0,0.03296715003808614,26.359122521309622,0.9211600070160438,0.3783336296701069,1
15.0,2536.0,0.028260494442322495,41.00035031675751,0.8750792448566105,0.3183288917683751,3
19.0,132.0,0.027952602026711407,26.3076332415763,0.9230542140284926,0.45057744048117815,1
12.0,2726.0,0.03269458747563265,49.036789521758934,0.8444338999623086,0.3001039164144211,0
21.0,1773.0,0.04424842114437075,73.66655646547207,0.8041520006656854,0.24535991166500867,0
15.0,2980.0,0.035478197189729235,37.98375397835914,0.8837850082066318,0.33546154160454444,0
9.0,2239.0,0.03347877326664088,44.27598875366059,0.851016124542259,0.2640984296503863,2
16.0,2751.0,0.04534431953420814,70.99469659834647,0.8465470315180045,0.3003648397296269,0
10.0,2929.0,0.036836862617364005,70.06225215756459,0.8510308412441354,0.33032186794779833,2
17.0,1048.0,0.02936051782997075,38.11341436778599,0.8821152198917432,0.3356517461028993,0
8.0,159.0,0.027731890801923374,34.95509988844404,0.902712672889124,0.3844723829791516,4
13.0,28.0,0.030237785867436973,74.80027749462965,0.7944417391585168,0.2945336357331776,0
17.0,2154.0,0.044690375528475504,60.78630558403517,0.8383894215450998,0.2981677916280656,1
20.0,959.0,0.027679197387218073,43.205931592794,0.8592176456927697,0.3304120116975778,0
7.0,6362.0,0.02910508837370351,30.58864248673533,0.8870315084650656,0.3537567476758274,3
9.0,5817.0,0.03414894219521102,75.17543818259989,0.8265973042072832,0.25389911379837576,4
11.0,4784.0,0.034104575163398695,43.84233227741364,0.8750072414098655,0.2788726846356197,2
18.0,702.0,0.036853452499951,46.854111916042,0.8611634549584193,0.33027388632918625,1
22.0,915.0,0.027619165505104595,43.11348288013332,0.9120438937474558,0.35174970840714065,0
13.0,3191.0,0.027402580421040715,23.69620134125294,0.9184456994105583,0.36557685348449287,2
18.0,1569.0,0.02534264841284827,50.840001755755296,0.8638660520163417,0.31333538736403355,4
16.0,3993.0,0.028848030530705986,43.309787835480506,0.9017379860708112,0.3810102473707144,2
13.0,1559.0,0.03928427500604498,78.27409558608215,0.77538176389884,0.24846121590406237,0
5.0,3706.0,0.027459502822555458,42.95501786685088,0.8459347990956317,0.26604099910671386,4
8.0,2555.0,0.02664571650219911,56.76323763193227,0.8220658212398916,0.24884793650681308,2
17.0,492.0,0.0335745442083373,51.40064742471006,0.8661199271689245,0.3113024141272603,0
14.0,2451.0,0.026918642538473106,35.262717209556385,0.8427210458204613,0.23152604045745895,4
12.0,2476.0,0.026337276681567105,46.17208127492332,0.8807711294444862,0.2896030397097915,3
14.0,1498.0,0.032526005278683434,54.7448359011965,0.8497301367281928,0.32035817502961333,0
12.0,865.0,0.026931316655155055,45.91520366485261,0.9096840956143417,0.3430480527359392,2
9.0,0.0,0.038174686843156384,33.30970127301682,0.897896749133064,0.353110559405818,0
8.0,277.0,0.028556462195629045,15.27288420235626,0.9476446305227573,0.48594017455659116,3
13.0,5475.0,0.029091503267973856,28.753096524521226,0.8929040662512724,0.3072761596628184,2
7.0,637.0,0.03418052872351992,92.87991301219031,0.8495602955444312,0.3111984702442991,0
5.0,287.0,0.029876433584922604,61.883026824151656,0.812308178129312,0.2756024567423136,0
16.0,1473.0,0.03412054746882607,66.04414739222359,0.8417169254631678,0.28288604688606345,0
22.0,1154.0,0.02883219773762875,43.443205915914994,0.9053280514626842,0.33869930657445046,2
11.0,3010.0,0.02572902646926873,67.86203485634984,0.8069431253503884,0.2314576550616899,2
17.0,2640.0,0.03619371388722853,69.07247473564223,0.8100200952128122,0.2692276986315456,0
20.0,4156.0,0.028508279791124094,79.02201429693233,0.829098005195536,0.2615568657961616,2
17.0,3162.0,0.028617976846162015,32.729964401450275,0.9384290052736348,0.47734993642206575,2
14.0,1395.0,0.029412359381051106,53.33102496505502,0.8462716508385608,0.3204810523881081,0
10.0,977.0,0.027854911660081,24.688307787928437,0.9286690657813537,0.4294221565290326,1
4.0,1972.0,0.037107787884348216,50.68394495937288,0.8560251503059484,0.2813387550990396,0
15.0,1111.0,0.026836857296476814,31.19981668799781,0.9083010502203592,0.4183612131893961,2
7.0,86.0,0.02732015349109464,30.871584513546182,0.9246948539294152,0.4682153468591679,1
17.0,894.0,0.027681026011021407,32.61818771617341,0.9040297886219129,0.41249864771727174,0
18.0,3033.0,0.0293735019553425,45.69878526930588,0.8785839090352704,0.36518356451957534,2
13.0,867.0,0.02656386080316753,29.328980013486415,0.911197452039105,0.41978306207843874,2
16.0,2061.0,0.02913857546046108,38.30686554121422,0.8916475232638009,0.33138410324896606,4
13.0,780.0,0.03503670749710729,52.077899937574436,0.8319007396841631,0.27902524114148447,0
14.0,2072.0,0.02994412265490136,43.62889915511587,0.8671614602799956,0.38392405481814684,1
13.0,391.0,0.026702177572930752,41.19461167813376,0.8782828169430211,0.30585483048495776,2
7.0,1013.0,0.02749961339865953,36.18636396121266,0.9409751976638311,0.43411584272935755,4
12.0,978.0,0.02710097568169646,37.31041544872634,0.8821671355200357,0.3670517409590807,2
16.0,1413.0,0.030485433583866704,38.37058240555075,0.8978135769564565,0.38482658238812567,0
21.0,987.0,0.027854198408895543,41.47305169185057,0.8870250180757997,0.36581054642840427,0
14.0,0.0,0.028821804791395574,24.631150129465045,0.9083303451243958,0.38728032415938873,0
13.0,325.0,0.030059182598456913,33.20946790114625,0.9206369643492528,0.4467456490301478,0
16.0,645.0,0.0342147840102366,58.060469708594155,0.8453181232433737,0.2849259698273543,0
13.0,2106.0,0.030719910738830226,48.488089275489365,0.850788920854574,0.2865268667497086,2
14.0,81.0,0.029356621631385017,18.79674443593165,0.9227716358554695,0.43596135020480165,2
18.0,953.0,0.028984233781883913,29.818421395586864,0.8967719547809256,0.3625237704528194,0
6.0,75.0,0.0315174869600107,86.03925444663051,0.8547531722993202,0.29049320255572086,0
12.0,507.0,0.035029544297826384,60.79341850007211,0.8628016715170508,0.3312255716545791,0
16.0,1130.0,0.032822388116260565,50.539245359273025,0.8911541060097543,0.355271335832999,2
21.0,1314.0,0.03270350902116778,34.75933988571998,0.8995568543032201,0.34782143328620485,1
15.0,1635.0,0.0287590541096137,48.89182856164406,0.8734717110819503,0.3326691210784166,2
17.0,767.0,0.027477574251722602,93.24339418598453,0.7658628614340126,0.23613858686197597,0
19.0,2666.0,0.025863097741772034,51.57070842430856,0.9043867180702551,0.30877741908155476,2
9.0,393.0,0.02792034813677027,30.533148315035618,0.9476276629067659,0.5247168716454801,0
13.0,654.0,0.028373106049427166,26.517707776322425,0.9208846256505494,0.4147861019147265,0
20.0,1570.0,0.031160976396914158,55.23035493583757,0.8530525222386259,0.3090920612289423,0
17.0,29.0,0.026921004123969007,37.262542773857064,0.9231096554798448,0.3681912050826526,2
21.0,552.0,0.02973762755301361,37.32261267861507,0.8956482745707635,0.3850962487821006,2
15.0,295.0,0.029044625942062162,17.18883811876665,0.9278379756794541,0.4634433617902313,2
13.0,3194.0,0.02948066633122873,33.511714864412596,0.8684975458165911,0.34067507945193254,3
16.0,1110.0,0.03452414966831474,69.65196542388401,0.8062524599259664,0.26503324146083207,0
8.0,834.0,0.028562449738052297,32.417311614591966,0.9140221347060193,0.4088278826839833,1
19.0,654.0,0.030178247517944536,47.87444278832798,0.8508272304179043,0.3396064401935701,0
8.0,1441.0,0.033228648056368416,47.636909679149746,0.8693373308074893,0.32873083197129627,1
14.0,5187.0,0.028331469916165048,54.87963232195731,0.8736075702709125,0.2781324045674163,4
14.0,945.0,0.03830564098105908,57.985998170816494,0.8379890242076629,0.3050013956022095,0
17.0,696.0,0.0322902809182688,46.88630174033575,0.8649042979086445,0.3204235687340198,2
11.0,441.0,0.029472822432092628,47.76384218399482,0.9015109139096877,0.36570354128957716,0
13.0,113.0,0.027779133058417366,40.375702044142336,0.9145772598213273,0.36845069835923105,1
11.0,3223.0,0.04262182937586635,53.02674069653614,0.8507595860261383,0.32461312235750756,0
11.0,7403.0,0.027881748447431756,44.21612541483949,0.8651061791693975,0.2999691847237042,2
22.0,239.0,0.03271544563985531,64.42901916578501,0.8209894645397617,0.2769518742940775,0
12.0,1254.0,0.027468140277646016,24.66756893161643,0.92871849891036,0.40731361946044864,2
17.0,689.0,0.026525075665595827,33.77180548385267,0.8872898938841162,0.3829838594669419,2
17.0,156.0,0.026531677667151435,45.17801542548278,0.8651073734099002,0.33904801021833175,0
19.0,150.0,0.027385949354616218,27.918065921460098,0.9297648624442831,0.4580875444916084,2
16.0,1537.0,0.029590138058552828,36.18383045968526,0.8779366081337966,0.3685574344048846,2
12.0,1746.0,0.03559254835564621,67.90687111629214,0.8119685282747053,0.23405630515463133,0
13.0,899.0,0.027836963656038174,30.65683017751337,0.9238078036825164,0.44579286241035554,1
23.0,1281.0,0.031037226025588036,43.38457718621112,0.8746915330544809,0.3674918946854368,0
5.0,2414.0,0.0360591385653276,43.243887417856726,0.8721264947662546,0.28980259795069363,2
17.0,63.0,0.030509224629820364,28.77128053265051,0.9052162625191575,0.3779860481290085,2
7.0,645.0,0.02702035315635058,58.806727704337234,0.8617546161826064,0.3297392825788708,0
11.0,406.0,0.028825492184071547,21.42260943758923,0.9499869957037091,0.4796366804924857,2
17.0,689.0,0.026525075665595827,33.77180548385267,0.8872898938841162,0.3829838594669419,2
10.0,2132.0,0.03720261855340891,58.08245548358209,0.8413800630078543,0.27208924888558506,0
15.0,1800.0,0.026881444780553133,33.36404942441631,0.8992369254063837,0.4207974920858767,0
16.0,1275.0,0.02638199644656307,36.75284576916434,0.8785759355901881,0.3244540489647738,3
12.0,122.0,0.026988819516832865,30.5475617557104,0.9181882968490633,0.4535318101796783,0
16.0,900.0,0.028487050199751833,28.230107332905142,0.9081269890792183,0.37477760878845434,0
15.0,6554.0,0.02781568195210957,44.035419840892835,0.8686852851802869,0.28212394073513464,2
13.0,137.0,0.03143222263376002,34.43180865181628,0.8981206002508605,0.397708951713449,2
18.0,1825.0,0.026300385328071576,47.13180786306617,0.8750690164201239,0.37251267026378404,3
23.0,1445.0,0.026909702319538386,29.460019290825752,0.8796704901951782,0.3078596444275711,4
8.0,2742.0,0.032158820560882415,37.588205289335164,0.8770747405507192,0.34439523034924424,0
17.0,338.0,0.02584112825503343,27.898099361191612,0.920384457983538,0.46452937792072846,3
19.0,1631.0,0.0362270738301533,62.826729056587766,0.8510304478271932,0.2700138586058251,2
17.0,1726.0,0.028613940044947835,29.889433735814887,0.8921567793758338,0.3567202755393617,2
16.0,446.0,0.028762559512329783,27.82016078081246,0.9152960500176168,0.42866087554888954,2
15.0,0.0,0.03400561497712149,46.095317648490735,0.8670726870454878,0.3405926479094369,0
9.0,532.0,0.02777150921836437,25.09564968299022,0.8980555002420267,0.3597916796769207,0
16.0,730.0,0.03654953523870984,52.42031739869701,0.861345248377712,0.3399597821471873,0
14.0,1794.0,0.026162546543856212,43.36186197171502,0.8748173082998488,0.3585878284345789,0
10.0,3049.0,0.02935700810670995,49.51496252787541,0.8650579292365734,0.32874284732651976,0
8.0,2299.0,0.03035487074449927,44.40950683304706,0.8659258363477986,0.28303884516777356,2
6.0,1013.0,0.025567303272180198,80.6672841102546,0.842389488248713,0.25692560568539274,0
11.0,2722.0,0.02877203233031454,40.58306177467688,0.8985692629598463,0.39122479537327104,2
11.0,0.0,0.02635809232022183,30.068136781159446,0.9259321668022696,0.4371900923186959,2
8.0,1941.0,0.030296809696419666,36.76730883831192,0.8842147410395083,0.38810342015759414,0
21.0,1124.0,0.032070775895457086,29.332289180321638,0.9073236418387725,0.3914375649050319,0
19.0,2015.0,0.03846160748737,75.00556503043367,0.820287373501922,0.27053197042081634,0
0.0,272.0,0.033204870915990316,57.39539275945182,0.8818147305939295,0.29954767674688587,2
14.0,1043.0,0.029841547868113334,16.677039282915537,0.9289418196345686,0.418350383587779,0
19.0,2540.0,0.03144027137314525,43.279265130707955,0.8780101022562579,0.3371222095507771,0
15.0,636.0,0.0388823006791152,56.427510035029414,0.8439426231972009,0.30658572765663844,1
16.0,890.0,0.03621068293834455,140.71854844490815,0.7003728041807216,0.17729153359107094,0
15.0,522.0,0.029754753385980034,46.83596354073963,0.8987075343087095,0.3628149073606462,2
12.0,721.0,0.027780054884784893,28.568786686042053,0.9340786365531626,0.4741004545236544,1
17.0,196.0,0.02707259778631015,38.45022164277597,0.9063333748281093,0.3867772923734684,0
8.0,972.0,0.03535658837908367,35.56404225842343,0.8990486327578329,0.3338085053765089,0
8.0,1963.0,0.03780936120190895,44.53231706426914,0.8544101868603449,0.3274732898156699,0
15.0,1770.0,0.032740723953102464,45.98701618386627,0.8759751416768299,0.3578211999336468,0
15.0,1407.0,0.02744109508229806,32.276194440776074,0.8902943529706494,0.3555846663874432,4
13.0,302.0,0.02715827617847867,27.0950399375778,0.9256292862622546,0.3937013752116935,2
10.0,210.0,0.02857998931454233,26.310026208743043,0.905615466099724,0.3635821148429812,2
13.0,290.0,0.02757479470785199,40.29685088214645,0.8832652289812892,0.3652680288044051,0
17.0,625.0,0.031158445822623445,47.45110809980944,0.8857730325117299,0.3991903755215742,1
14.0,801.0,0.036465357056297505,55.3567514741802,0.8429236239006729,0.2872957883891863,0
9.0,1387.0,0.03644884051620058,71.33394792499195,0.7996760666931189,0.27461665789789313,0
8.0,403.0,0.02614037435391332,69.41415305873936,0.8916739454030933,0.3908499553448235,0
4.0,1985.0,0.037393986121819586,50.258157380954756,0.8714419140361434,0.3451028509990028,0
17.0,1081.0,0.028270012425086918,35.16743194093445,0.8805348475703256,0.3468048849483044,4
16.0,0.0,0.03172490010382909,39.32186387827274,0.8879688172677637,0.35732783779378546,1
13.0,4425.0,0.026604271347753266,25.583027513721145,0.8756551813137974,0.2943825564516601,3
17.0,2869.0,0.027914735577905685,32.61529878896394,0.8953234461465642,0.32990906142212806,4
8.0,1847.0,0.03148749204793048,35.16940989508791,0.8655989771562513,0.3061197014053017,2
18.0,540.0,0.032414124001282,46.19011312315535,0.881249511158551,0.3718916521984138,1
8.0,259.0,0.02986688712963891,110.42773471291197,0.8412906704827816,0.25429051519752005,0
21.0,2619.0,0.030972705728821215,38.40212873479611,0.8788892262615975,0.31914304216228057,0
7.0,5156.0,0.02438574556975787,48.62960717638372,0.8568422235499186,0.2628616930976282,2
9.0,0.0,0.02911308156386199,24.51925323215193,0.923065595273789,0.423480523058576,0
10.0,3253.0,0.03040079339586278,58.263364727970256,0.8206068673482737,0.18199859952793726,4
10.0,256.0,0.02677728621956351,59.276002486766075,0.9215879091479219,0.3761799011959578,2
11.0,1178.0,0.02952089894993952,35.03563939787208,0.900947124244026,0.36646886935030154,2
19.0,532.0,0.02625703784494943,31.462609624694014,0.9220751390607729,0.442241908264858,0
10.0,1706.0,0.02831906308434209,29.88184850952605,0.8744765020857612,0.28825250462494756,4
15.0,45.0,0.0283864345216945,38.71813840911625,0.9107454668663009,0.3622865274752084,0
14.0,1014.0,0.028031414750801675,28.114136577438735,0.8993197769038592,0.38697593951013676,2
6.0,108.0,0.0322499345052744,30.398089820459102,0.9008501358933619,0.3619164324796609,0
11.0,5235.0,0.028563234324063363,53.797606713533526,0.8354817332459761,0.265952534705328,2
19.0,3145.0,0.03222466244651407,43.862558554218765,0.8809369875175166,0.38078500604264803,1
6.0,1551.0,0.048490747391468796,74.96714562476046,0.8329394620323849,0.26991241705708735,0
22.0,67.0,0.033353225295115904,39.84078678665239,0.8878778391014247,0.38889704922626456,0
25.0,5472.0,0.03134892933097391,39.21676528801124,0.8521654478392526,0.26923419230835766,2
16.0,2056.0,0.02533668741314626,40.29616465191676,0.8968343433339035,0.3834193759892823,1
14.0,0.0,0.02847994905450107,37.35546361035922,0.8946969761045696,0.38635682545328937,1
19.0,77.0,0.028194429994654574,26.655043744822116,0.9131753593314839,0.3862905633640607,0
15.0,1361.0,0.03152812011601054,54.060312514861465,0.8359475044977615,0.3009983559004565,2
15.0,6380.0,0.027200791295746787,28.623145289771465,0.9045373586923862,0.35983041532355153,4
15.0,0.0,0.02811829411234334,17.942780464215886,0.955012022016273,0.4837443464342859,2
14.0,581.0,0.029933278145063764,41.548266191982144,0.8689634361582921,0.3133526005801334,2
11.0,2665.0,0.04420796397053645,48.58452746269446,0.8546093282831666,0.32936110751165204,0
20.0,22.0,0.02684101047123504,35.76931763311849,0.9120296177075463,0.37012282996700296,2
23.0,1030.0,0.03618144492671867,60.391126996008786,0.8500851577461017,0.3251618121827762,0
12.0,1300.0,0.027131301786224495,49.656089887732676,0.903666694917335,0.3454498325581742,3
21.0,2511.0,0.026108516726788027,46.357887754135,0.881631189140427,0.35659580688984693,0
9.0,21.0,0.02799711296676666,33.38890608616583,0.9272273049696975,0.4501451750235852,0
15.0,778.0,0.029276733684685283,43.56009349616264,0.9097239462528227,0.3296853774951347,0
11.0,6168.0,0.027410256309319016,58.092530230888,0.8402477058235115,0.3252909295791971,2
13.0,177.0,0.028543897953175006,29.28309843396747,0.9029405371810943,0.3661511492086616,1
19.0,1018.0,0.02907574626340034,56.738155438429,0.8666043196320976,0.2900254338972722,4
20.0,1884.0,0.027515385648637758,35.41807544261678,0.8795709900425478,0.3497914621959195,3
21.0,0.0,0.027012448370046908,38.774003405478524,0.8972684113735072,0.3134689880682232,2
15.0,288.0,0.03080687177672004,51.299589898529675,0.861035101840488,0.3228107930150914,0
9.0,4540.0,0.028722449386656027,51.78848693698348,0.8453962045207999,0.28818139873727416,0
15.0,571.0,0.029263833154794205,42.203916929400656,0.8702272087475286,0.3435751476225914,0
13.0,1579.0,0.032561083980151145,40.64959210473418,0.879696301248984,0.32334227189102155,2
16.0,1093.0,0.03629711995806562,59.090264693587855,0.8454291095524407,0.2972408253261367,0
10.0,2989.0,0.03160001491739493,51.24637362252337,0.8798627733028774,0.3328541099211641,0
23.0,1315.0,0.029644311786835804,38.45193437348987,0.8849058350776922,0.3636714003272582,0
6.0,3327.0,0.02894297941972434,39.97412087921259,0.9056579728471827,0.39723966063863553,1
13.0,741.0,0.02705028265162867,27.514462006549046,0.9247628571557295,0.4442031772501519,2
25.0,36.0,0.029167331584524656,32.392602329577215,0.8800695104932599,0.3112444254243746,0
19.0,1058.0,0.03436496518029113,37.5024044589689,0.8874943719357403,0.38326072644177295,0
17.0,197.0,0.026894288650256278,27.53727650321631,0.926897184031024,0.506356153694288,0
8.0,2394.0,0.03774426268640882,54.026192647454415,0.8407750199887846,0.2505879143873533,3
16.0,1227.0,0.03395189102092522,63.18048152104239,0.8529632817434167,0.3007446109610474,0
8.0,601.0,0.03100801095972801,81.21899769437904,0.869997887719772,0.3108109001851508,0
12.0,633.0,0.02852083394480154,48.681684444233284,0.8879918969479083,0.32273027051529335,1
17.0,1817.0,0.033767928624311404,76.62809363805044,0.8195711421942975,0.26981592092338486,0
17.0,0.0,0.03023975279078271,65.12563048584339,0.8120028206350793,0.250925425331854,0
6.0,25.0,0.04032509898419092,38.36839423815178,0.8785339060195594,0.2924501379216332,0
12.0,355.0,0.027178964518594813,62.420700939311544,0.8888829988993802,0.3088360007357414,0
13.0,1021.0,0.027741807051050837,35.37993307081777,0.9081006618154538,0.4027632264099582,2
7.0,311.0,0.04909848130059544,118.01922318162103,0.8093910397304565,0.2537611095823398,0
18.0,984.0,0.02751029709813298,57.46245931377669,0.8248088160540478,0.2960683438949979,1
18.0,3555.0,0.028807364923924075,55.93501410267568,0.8605103800182193,0.2927462656177394,2
23.0,1116.0,0.027295989780267874,28.49425780264999,0.9244342986508362,0.4282877142991731,2
10.0,3832.0,0.03727515688252479,64.60775638699388,0.815070099130202,0.22701147630934734,3
10.0,2807.0,0.036284666262103145,43.13504648611584,0.8651781385973866,0.3268440507531122,0
18.0,804.0,0.029523533437063067,39.3016194664038,0.8954106690554379,0.3717938901654867,2
9.0,3401.0,0.03261764705882353,32.15490102946522,0.8951683202819865,0.3048796256217056,1
7.0,879.0,0.031059669330954387,31.18986364058479,0.918069772790185,0.34268505210526323,0
16.0,221.0,0.028456606904108565,46.12629076501371,0.8789869618265711,0.36414394779308223,0
6.0,5620.0,0.03619221565493857,32.48555504235209,0.8891331798523574,0.30237457990176136,2
19.0,2998.0,0.025783094544581664,30.808430322288828,0.8737860657473743,0.28492711102441104,0
11.0,104.0,0.038632742948177305,59.115390789448895,0.8446466403468295,0.3400650989782993,0
2.0,5425.0,0.0336700881531704,66.50185483971975,0.8299194382986201,0.2418341281683702,3
14.0,3832.0,0.02804778245200936,48.87922969647998,0.8886541942896762,0.3382589136970632,0
7.0,354.0,0.026828769415760702,26.619247648224768,0.9355581351189386,0.4997208734554912,0
17.0,2223.0,0.030251224664060043,38.614506369898336,0.8611534960855112,0.28711123393775817,0
18.0,2952.0,0.02670909138918962,39.93014526408397,0.9119394331360628,0.40891750129518323,2
13.0,293.0,0.02943744678993211,41.88289452556799,0.8647166356485176,0.37717583414007205,0
13.0,412.0,0.02804145649921517,31.166948573552133,0.9084399882810309,0.4444838716313865,0
12.0,613.0,0.030464730683594676,36.86956748173156,0.8959067993686624,0.40294271920927,1
12.0,3466.0,0.042638190682752375,61.28650723673263,0.8340300469509521,0.3090202254882415,0
11.0,784.0,0.03861580700025185,111.94251994998312,0.7402156125105765,0.20187690681138018,0
27.0,1154.0,0.03639239767992049,57.28109961884519,0.8384895012029655,0.3150762921135021,0
16.0,64.0,0.028790128422783657,25.964030733963135,0.9079191333822895,0.39598884457007033,1
18.0,1540.0,0.03591400020187746,72.69270070607305,0.8190355379999515,0.27586368242625187,0
22.0,1837.0,0.04019000721231565,74.51596039084225,0.8068357451374379,0.26437326628336333,0
14.0,2667.0,0.03559058879732473,58.67743668568555,0.8476804263997614,0.2993150256198911,0
22.0,1661.0,0.027841491290297154,31.88133578284169,0.9350164993149905,0.4641954008065613,1
6.0,602.0,0.04487121392185798,65.5795671348811,0.8420682830510343,0.27481910616276717,0
6.0,157.0,0.029342276378568472,76.45278813671592,0.8638722689581868,0.3377846911287551,0
15.0,944.0,0.031231901722373778,50.80114299384689,0.8618991298049705,0.35888266521311535,0
17.0,1570.0,0.028107499271418333,43.94692532935302,0.8925780227355662,0.3420815467807,1
13.0,1747.0,0.03072795067090232,58.70748746158695,0.8264838193045603,0.26490744549323797,2
16.0,3167.0,0.027955704816268984,35.67777396582647,0.9000383218843298,0.4164479478178473,1
24.0,424.0,0.026613575302253844,36.14900024777272,0.8880139942499418,0.33243875989470845,1
18.0,3318.0,0.03313061223222023,55.29213707017546,0.8485747874281915,0.32095885159015913,2
12.0,97.0,0.027429509786053956,44.354318971437024,0.8723021959504055,0.38670382542033943,3
14.0,2162.0,0.03134037655669008,35.167850643711304,0.8904650533233883,0.3758729055284107,0
8.0,3994.0,0.03767469891356682,40.423548508147185,0.887968188293311,0.35207322821339604,0
13.0,1169.0,0.027713098122648386,51.722400520056595,0.8898721280436304,0.33988689243971454,2
8.0,806.0,0.025771691547872937,71.96992032784995,0.7903732926346392,0.22822403941522565,0
10.0,3970.0,0.029703290078089112,46.50393450363154,0.8311114083751798,0.24563824575801907,3
22.0,1154.0,0.02883219773762875,43.443205915914994,0.9053280514626842,0.33869930657445046,2
20.0,978.0,0.029265991924261152,46.091781777845014,0.85700642107841,0.34640814189319546,0
9.0,2633.0,0.035370498770857156,51.994445979845636,0.8438858599628661,0.30335424252625215,0
7.0,3265.0,0.025781721878920225,42.51869934457535,0.8890056086318124,0.35685075070776634,0
21.0,758.0,0.02955935173562347,49.86495655864875,0.8566624197707629,0.3205311638702266,0
11.0,2470.0,0.02697622555852017,56.97928838536808,0.8303021385516279,0.2415047353197243,4
6.0,251.0,0.025699126031835332,25.606915318346676,0.9188386904251675,0.41670202848844284,2
19.0,2510.0,0.03379854299536061,57.78306432784369,0.8318345544534631,0.2838883778824311,4
17.0,0.0,0.0285784782518645,19.879400501494146,0.9138671271812516,0.4140814318878578,4
12.0,1555.0,0.03272441524794013,68.40388138225883,0.7839051543504816,0.22649841506752594,4
15.0,1486.0,0.026794614443084456,31.896188530456723,0.9162621880694848,0.3928032377154749,3
10.0,5417.0,0.026932533895938693,25.532455482240458,0.9162170409039445,0.3916671080513627,2
18.0,2732.0,0.02841383110407475,41.01716973870939,0.8709860910363393,0.3339063508260528,4
12.0,1861.0,0.03987673784403171,68.56822528325365,0.8251088425587542,0.29375028911067586,0
16.0,3608.0,0.02758483552657484,46.01766705825754,0.904853012699226,0.3395572974412137,1
12.0,4078.0,0.029580674299082815,58.89934909286866,0.8640706229304159,0.29075488122546633,3
23.0,139.0,0.028246774205116804,25.72432157913724,0.9180510562034941,0.4001091766460303,0
16.0,1972.0,0.030425411068248885,38.56204379004639,0.8691425328583176,0.33700868566018116,0
16.0,352.0,0.027293421795046402,26.249578927200623,0.9392142327983795,0.44817709679583606,2
15.0,884.0,0.027853351091481023,34.92050374313028,0.9245963729641586,0.4832624341488133,1
10.0,1305.0,0.04681368876389138,44.048522750982784,0.8816777653402745,0.3084774853956775,0
10.0,261.0,0.026878194048966093,28.36657141444276,0.9195063082285313,0.45694437389755416,0
17.0,698.0,0.029831986213741866,56.75156523071353,0.828446118889049,0.30703848250719146,0
17.0,2992.0,0.027406805023707535,33.28380243034583,0.8947678893128831,0.3509434876278601,2
23.0,1303.0,0.036383459064573916,58.71806936384496,0.8565194803149001,0.2741442484703347,0
11.0,1048.0,0.038342990616417695,63.97429259044593,0.8399145483680053,0.31530147967509126,0
19.0,75.0,0.029854786567057368,37.19048695445701,0.8833333553565974,0.3566292051620126,1
17.0,1391.0,0.03583749277407244,74.731613788708,0.8044034282199932,0.2668813131252581,0
10.0,3021.0,0.02821680063697332,47.9328506776341,0.8645976987854931,0.3516966502351794,1
17.0,2145.0,0.028215076977659685,40.58041549420292,0.9011471965193325,0.39023631046025276,2
11.0,4212.0,0.042070416045350285,42.07733018020854,0.8737288970439528,0.3098296232872962,0
13.0,6588.0,0.0255900693513608,47.909754944526846,0.8921459504888993,0.3570545560122952,2
13.0,2037.0,0.028619263765312326,40.424629582565075,0.8810325723657851,0.32880626137461755,2
17.0,2153.0,0.03469833253204006,57.18285719736622,0.8355860633679044,0.29588188550728234,0
16.0,411.0,0.029730722780427984,32.217564877316065,0.9160162817553182,0.4713230889197673,0
14.0,2297.0,0.02993747574819796,45.79509523641704,0.8643010477756747,0.2754823239330115,2
18.0,6143.0,0.028801278213386617,50.72728807409976,0.8573530564633967,0.30839209777159665,3
6.0,7951.0,0.039486359561686356,45.62235659668911,0.858059936340402,0.26001269786260295,2
5.0,1866.0,0.04636874079528719,70.39569173290356,0.8064844391588426,0.23213880248165208,2
16.0,2289.0,0.040338561053356314,61.5965592444368,0.8359470018549715,0.2916208218999631,0
17.0,2426.0,0.03186699749392136,44.367762364510185,0.8671216785372453,0.35743419703908386,0
13.0,994.0,0.040326499635049924,50.7219774892518,0.8545585230173762,0.3441745761887421,2
12.0,667.0,0.030244030783398015,35.04513680166049,0.8605986400654091,0.311939834924034,2
20.0,0.0,0.028831931082632208,30.751595393425657,0.9197256728500388,0.40156512511142156,4
29.0,697.0,0.025605907315508717,41.280228808237325,0.8839345748300214,0.35675190668877577,0
14.0,50.0,0.030292281371205404,67.79626663606572,0.7695453931535097,0.23395841001841275,0
8.0,4892.0,0.025940866575182575,72.53295720214592,0.8323094383278409,0.26447152568795507,2
15.0,867.0,0.02934394398039891,21.978598059972303,0.9330381117320946,0.3916519078881566,4
14.0,916.0,0.028170500269228918,34.50419078335136,0.9003030295128808,0.4065999388592382,0
16.0,388.0,0.02551628546247297,35.136756676463975,0.8910743947975289,0.3375542758401513,4
20.0,396.0,0.030229884851343283,31.543782996689323,0.9077361595332789,0.37798314429274005,0
19.0,1430.0,0.02880144418914279,44.07122417876896,0.8730652721386103,0.34896682697749826,0
12.0,694.0,0.02677235769684735,38.70720977487298,0.8463126495137758,0.2798287157177866,4
17.0,3013.0,0.037786276050489835,46.924203292306316,0.8471384888375086,0.2970306133099443,3
10.0,2322.0,0.04377135446542135,87.96635989161618,0.7852584321332732,0.2174175615483579,0
13.0,3015.0,0.03922518912033801,57.212924368508546,0.8444001343896632,0.31172363031858563,0
5.0,3093.0,0.030499016846468618,43.43468697105891,0.8460410016983615,0.26352477881006575,4
15.0,720.0,0.035146887625830306,54.40300641491783,0.8363842046209529,0.305354283087602,0
11.0,424.0,0.027221788693756386,80.81521003290932,0.7811762469007975,0.21488394400518168,4
12.0,5131.0,0.025748749335372172,50.54893129641944,0.8534229508494161,0.299383507920153,2
15.0,118.0,0.027735894054876545,40.01198217034474,0.9157170283806289,0.39896604118713463,1
16.0,55.0,0.03168854475274024,45.08306786238039,0.8794235378309028,0.3595175253500138,0
14.0,440.0,0.026837552703315264,37.431047701404054,0.8970941282107616,0.3986057154108839,0
13.0,2111.0,0.028874522103964573,32.752298199856185,0.8936484311910483,0.3726258855319233,2
18.0,1464.0,0.03338334467130747,53.305743295199406,0.8426370533838168,0.3163920414516599,0
8.0,964.0,0.028496372369426936,24.406901219520204,0.8828736677261653,0.31175849441984615,2
14.0,422.0,0.027979398470097356,42.048310594016925,0.8757376454385959,0.35262097196308373,0
16.0,514.0,0.02846147280867143,32.7839166734985,0.9139602963217281,0.4376758510253359,0
21.0,660.0,0.02754150526004346,36.53544663515578,0.8818728004727603,0.35094857082639436,2
8.0,1054.0,0.02776009580631588,30.032833470406946,0.9172416909831151,0.4310553740375464,0
23.0,325.0,0.030176860379743306,34.94621552932793,0.9097937920739199,0.4071623883073044,0
11.0,1014.0,0.02887738766882703,29.9896434052471,0.9078934630560063,0.3895635371615379,2
16.0,678.0,0.03177543984898955,41.065332737973876,0.8884446433795281,0.3927033570480144,1
18.0,6182.0,0.02716228707249439,52.08006146675609,0.8698945713547466,0.30303904055632624,4
16.0,860.0,0.028842617236664654,47.629787614754974,0.865894727119468,0.32980724472565587,1
18.0,1564.0,0.02687019205406932,32.18960533286741,0.9124950670833755,0.4557456450386056,0
8.0,1808.0,0.030518747648706265,66.26403179674902,0.8550074388938546,0.28946287234327395,0
26.0,2815.0,0.028883316123322025,49.76698279413069,0.8613248817539041,0.3358222004958752,0
11.0,424.0,0.027221788693756386,80.81521003290932,0.7811762469007975,0.21488394400518168,4
17.0,1290.0,0.03213588854504555,50.41019706075235,0.8576474669811275,0.3372591207023352,0
21.0,607.0,0.027880543533901066,33.709807995906644,0.885528986945856,0.32782374148903254,4
12.0,3723.0,0.028237973021020133,48.540210185009244,0.856978595961969,0.29701071873827334,2
4.0,281.0,0.03044016529202148,55.86938227260472,0.8836117212000257,0.3470959027756636,0
19.0,2082.0,0.03365047011229252,47.17322353845074,0.8659591346397804,0.33536437423607124,0
17.0,665.0,0.02961354209952722,30.465856004512062,0.9066386829677812,0.4064435318766697,2
7.0,800.0,0.034601989426473904,72.6402989695961,0.8823823777032325,0.30385008223211196,0
17.0,483.0,0.029331731975764528,35.15356586450616,0.8834948122842041,0.3564968899535238,0
16.0,4697.0,0.025502926287660665,65.13473391446752,0.8538763791337747,0.2733895662957396,2
17.0,550.0,0.028806341169562995,27.693028053006692,0.8946018792357969,0.37697985796768374,2
9.0,5383.0,0.027502165060195028,40.62069356680303,0.899576350601897,0.4000921052060476,1
12.0,810.0,0.03356663665669561,41.306108173819986,0.8711351402908132,0.34757196402175183,2
12.0,623.0,0.02860655433310335,26.14905283808944,0.9082046470465199,0.40406118065668084,1
21.0,3049.0,0.0376863049002469,47.00054388796714,0.847088621051285,0.2968609783723077,2
16.0,0.0,0.02553593086423605,39.51036293287776,0.9237136766265528,0.3625299328382571,2
20.0,1933.0,0.026193746917719245,39.35213389055675,0.8806226482712263,0.37195857965607215,0
8.0,2875.0,0.02900819632377904,46.96754061476135,0.8387631784077665,0.2580528507813246,2
14.0,233.0,0.027499906776650592,39.68276714113604,0.9077751776542533,0.3672104883741488,3
1.0,4444.0,0.028495474237621873,20.685610964267756,0.9245285333256612,0.4437353544143549,2
16.0,266.0,0.03347607283018795,41.98165002888361,0.8548233239871076,0.2907032439062896,2
14.0,169.0,0.029909566157376003,110.02264197537227,0.7593723908964902,0.2015661190414534,0
11.0,31.0,0.028252575278114353,31.906773235411258,0.9160427320288654,0.40212005810713075,1
11.0,482.0,0.0263632368907972,38.47585252213682,0.9144128267633551,0.39063158267174014,4
10.0,363.0,0.027643740223829153,34.48124832658527,0.9207750719884491,0.3964600678398996,0
17.0,2891.0,0.04057225885771767,53.64093636211065,0.8300939723962819,0.2744748606978083,2
12.0,2161.0,0.0308830175685273,41.88904397936392,0.8789500966779156,0.3197497524627619,0
15.0,147.0,0.026746388193121064,38.01386589415539,0.9060527512186436,0.39852052935796717,2
14.0,3508.0,0.029236096083098895,36.32910566012871,0.8661377009893336,0.32001331251759346,3
18.0,2730.0,0.029830880171713547,51.763204098013276,0.8571606006151917,0.3244962084983804,2
16.0,1561.0,0.041442395318906484,59.0450417322881,0.846412581466742,0.3079662211469255,0
11.0,169.0,0.027566800699163667,35.538013562286274,0.9377493083724671,0.46135681225334324,1
18.0,1597.0,0.028352009348626375,37.07652107434107,0.9046760720393684,0.39270624850064584,0
15.0,1190.0,0.02665371791645697,48.96438706024334,0.8823130557742814,0.34797460324591795,4
11.0,526.0,0.02652085124677558,34.158257829953335,0.9271085412286737,0.3898058833248571,0
19.0,774.0,0.027453577242502,29.604590677958875,0.9069533025913679,0.41506309932125934,3
11.0,3549.0,0.028492648794628945,60.29128004519657,0.849506180052183,0.2933726194782666,2
12.0,740.0,0.035837015218458515,46.101832314356734,0.8711267783647348,0.33122165340390636,0
21.0,2292.0,0.033133471905671175,58.745679252310936,0.8591297054962905,0.331185685451065,2
6.0,1117.0,0.028769421349601768,32.69584264624826,0.9034039296522186,0.4320542165995945,2
13.0,82.0,0.02651587638682094,29.77729583045921,0.9049970061784217,0.39308402598710085,0
16.0,196.0,0.026781165462360344,44.18559659499327,0.9084799205550116,0.36676020759375216,0
11.0,1189.0,0.02723326541334579,25.729150508366935,0.9114817031919312,0.3734067116151346,2
18.0,6754.0,0.027823393989334592,45.69018741746906,0.8851085054515432,0.30390726186604383,2
11.0,137.0,0.02901709720244079,37.70777841800015,0.9138945009423607,0.37800849405370385,1
19.0,1847.0,0.02409647918742587,57.39754033708431,0.8549693573322746,0.29434437333325636,0
7.0,661.0,0.032320995906090735,102.94552740364452,0.8416208780142211,0.280280842145402,0
18.0,0.0,0.02756084961560667,34.471949548669734,0.8971131300389985,0.3917484329504488,0
20.0,1034.0,0.026992975104272725,45.48412598248403,0.9031578208186859,0.36306368873844685,2
22.0,1199.0,0.028636516277761138,32.196904559436476,0.8922444544917344,0.3546070440208211,3
15.0,535.0,0.03494667887800562,50.87732067204384,0.8581257036353147,0.33159897338237837,0
21.0,420.0,0.028572509624752877,23.32990571991356,0.9127758622737546,0.39319165066837186,4
10.0,1163.0,0.02791745594963307,38.55369066286576,0.9059808910401245,0.41049290036801556,1
17.0,1258.0,0.03252607196842002,35.50531513718752,0.8999702515835777,0.41033775876769096,0
13.0,291.0,0.026316782541972977,33.76815514730356,0.9135990072844092,0.41325104135610974,0
14.0,0.0,0.03663148267565052,84.72916588192918,0.748512801459211,0.20647795728192916,0
4.0,579.0,0.05637132687976066,86.55315020181959,0.831907217273562,0.24571833037184287,0
9.0,54.0,0.04084269247886872,46.43318818994946,0.8661176702775205,0.3339463241028779,0
18.0,375.0,0.02805517038493344,28.69783287807197,0.9105266150739898,0.37605984404041676,0
15.0,2134.0,0.03162799475883364,38.56366078604134,0.9014459159483543,0.40737693286428955,0
12.0,5453.0,0.026970889494190794,40.68953847011626,0.8688525449289487,0.30245775421141197,2
7.0,5095.0,0.03260804790531621,39.44375923358038,0.887436124922872,0.3901142619472959,2
18.0,496.0,0.03424015956579215,55.639135680822584,0.8420847515781632,0.30587149485501214,0
14.0,767.0,0.030577409493661063,44.139973755743625,0.8775137486410519,0.3495212373646318,2
4.0,322.0,0.03024829189559865,73.83519571638772,0.8565161997432413,0.3264000850860762,0
7.0,3903.0,0.03603104575163399,42.37414740001631,0.8823787631603066,0.3015035992770361,0
17.0,271.0,0.02709699208050863,19.756688524435372,0.9632682771459988,0.6490054617426029,0
10.0,1121.0,0.027239501926172117,30.822483129201103,0.8908726554059949,0.35670776508765,2
17.0,180.0,0.04022309915172607,81.4926994280058,0.8061501340310553,0.26648273545882284,0
8.0,8677.0,0.0353679715353833,52.343024379162415,0.8468014978386914,0.26445984589447347,2
14.0,964.0,0.030028824681010143,35.861278293658934,0.9012526536986523,0.3208043123155664,2
12.0,2222.0,0.047044870911451916,63.58095183482911,0.8395952934539997,0.2706991299327811,2
12.0,725.0,0.031211731652260287,46.92720795472853,0.883210571442576,0.364723841977783,0
12.0,3449.0,0.030227168079615233,52.62165795384724,0.868042691828542,0.2773964545882753,3
15.0,107.0,0.02729694398053486,24.62111320407952,0.9478110637495579,0.5452791196363133,0
8.0,7141.0,0.028465336803453346,49.33890191981617,0.8481205386438733,0.27955687923507394,2
13.0,3656.0,0.029387635881079153,55.66675067572835,0.8474351357883206,0.29162563970098676,2
2.0,578.0,0.0300396474832289,19.291097249115943,0.9412441396241025,0.433693035592152,0
8.0,2303.0,0.02759646774646863,31.69180480368272,0.9194303166532656,0.4257209573635236,2
17.0,322.0,0.027333337485364092,33.63399758473919,0.8986367312166975,0.35407043160758533,2
14.0,849.0,0.03684389577828419,63.277337198649235,0.8294672725404597,0.29574495789815614,0
9.0,2215.0,0.027691146881287727,18.10518212025689,0.9210005888016946,0.4153535200177779,3
13.0,682.0,0.04136285297626939,131.5044222208789,0.7359007773627158,0.1893282760099655,0
10.0,501.0,0.030573273556765604,41.56178696376867,0.8857850889088335,0.3380575328111225,0
22.0,166.0,0.029685261882580923,37.350639166306536,0.8812046476733588,0.37359581607193837,0
3.0,4952.0,0.02659532845572988,71.51145981047524,0.8238539221896215,0.24326345882656053,2
15.0,1661.0,0.03876178913256733,54.55989230740308,0.8538295834049993,0.32040745189961944,0
10.0,2250.0,0.029366712679802637,25.19596693282709,0.9146203258736921,0.44499625358334083,2
14.0,385.0,0.033409674665583595,57.72361801109281,0.8370535659697943,0.2745234883081212,3
13.0,1402.0,0.02877207580735406,29.57721582639577,0.9158748318871941,0.3967520715014765,0
15.0,0.0,0.047531050817258585,256.51571988877384,0.6294677295076078,0.1313218465401257,0
13.0,5368.0,0.0348597486129038,57.13085374686784,0.8527569167090963,0.2792943072874356,2
16.0,6028.0,0.028646838030885944,30.315692029267627,0.8889764041057187,0.34260998561635275,2
14.0,1479.0,0.028009100443981798,40.800468656494616,0.8996359692809807,0.3821726837124838,2
19.0,969.0,0.027537624653516116,38.52323822707572,0.9027621129427946,0.3267696442159145,0
13.0,880.0,0.028838958352919056,55.51878628984268,0.8342427856836774,0.27723242965101935,1
14.0,1508.0,0.02714869633496479,38.17953664508557,0.8885601042354183,0.3784980497965515,0
6.0,4916.0,0.04514323744828174,52.57574351775675,0.8646559455839975,0.2852665737290525,0
18.0,2028.0,0.02836485506905284,33.68453143332731,0.9004722616062426,0.3981140016253939,2
6.0,803.0,0.026889540959212165,57.711160506757736,0.8811217773270648,0.369949975274383,0
15.0,492.0,0.02922494664748112,34.72868400555333,0.8897511233907867,0.36296588853787515,2
22.0,2553.0,0.02697207894373077,46.352264215731566,0.8832750507512287,0.3464379679413303,0
14.0,1567.0,0.025754297298220236,30.76651686923019,0.9034793404330609,0.4212578046116685,0
15.0,3217.0,0.026550680346640345,36.096633657144096,0.8885656757494151,0.36051271056036255,2
4.0,3067.0,0.030525194943804814,43.264430961611914,0.8609653470026746,0.3267462384593442,0
12.0,2316.0,0.03246945405284547,87.78559464064074,0.7869224001317621,0.2161642688444722,2
7.0,807.0,0.0344487159643758,91.6334393262423,0.8421100011879795,0.3236770957012368,0
11.0,1304.0,0.026677136652706684,34.463257604655176,0.8930436682736856,0.36537347737864295,4
25.0,2084.0,0.04013502618345976,50.41935310075421,0.8583529723264207,0.3227714503237736,0
20.0,272.0,0.026844822588353273,34.60037855402262,0.9141158124513484,0.4028814937147502,2
8.0,3053.0,0.05331830502984667,57.17333854832235,0.8508748191720485,0.2734799186143908,0
7.0,8159.0,0.0338202614379085,43.50268170409723,0.8666221298630694,0.25052763015304674,2
17.0,2409.0,0.03315868800689012,41.641743916018314,0.8820148105673383,0.3344525027677553,2
22.0,1141.0,0.03147212542199457,61.99477862159158,0.8363712629664906,0.3014849923587868,0
6.0,4469.0,0.03739291086259892,37.9123217838022,0.890314276050647,0.35613309536886073,0
16.0,679.0,0.03340274716802457,73.45588788150464,0.813739272320278,0.2733583048066416,0
12.0,733.0,0.026623603351955308,23.206830616486553,0.936230893553645,0.4477574022998755,2
14.0,425.0,0.026892005152959073,27.29759453925589,0.929532883097443,0.4536581775370556,2
19.0,1437.0,0.0317972100092276,48.92700696315875,0.8733544968025511,0.35191618055355994,0
16.0,1688.0,0.02695053303563005,37.542156316710916,0.8892993862040504,0.35285924218637454,2
19.0,247.0,0.027110390881263848,26.057521041549144,0.9351272136833226,0.46710723649487185,2
11.0,1055.0,0.028994005094786963,32.50412588097727,0.9029408808137013,0.3987038953145786,4
15.0,0.0,0.02924140070186575,24.783309748554778,0.918149726129835,0.45498453057584765,0
5.0,568.0,0.028702282045128008,30.196231980813803,0.8848338059463206,0.3341255004773357,2
20.0,1076.0,0.02524972468542689,42.66278453342553,0.8736021933010871,0.3653150001966623,0
11.0,0.0,0.02898396198799233,23.991576741091745,0.925695280015624,0.4517244369759752,2
13.0,1255.0,0.042525532444887285,96.63458856265837,0.7639729352528003,0.23169207357923222,0
17.0,2044.0,0.028603018250218975,44.800041414361935,0.8708578740833008,0.32484917225822774,0
7.0,1139.0,0.029480703425627655,64.61104305737777,0.8717540305357485,0.35008985953491745,0
6.0,88.0,0.033173083216609285,37.06459764881867,0.8977108493668218,0.3412655607854829,0
22.0,1190.0,0.03190694364820796,54.627513141292155,0.8439613733584281,0.3133829881077229,0
11.0,4288.0,0.028611211814592565,27.79351659440269,0.8820227426082066,0.3249123718658974,3
11.0,7134.0,0.032478184991273994,47.414126735426635,0.8663672444058469,0.30088180617795335,2
11.0,5844.0,0.03470684917666629,57.151075363128164,0.8274094426733007,0.2698867192921026,2
17.0,654.0,0.029872674805944837,54.705722116881276,0.8816237138024452,0.34680058640800826,1
17.0,1291.0,0.031969130464536116,53.71345065119502,0.8371642682007936,0.2913322105334955,2
16.0,1754.0,0.03978781906980005,67.49818725260822,0.8069906895709662,0.24863007503496104,0
21.0,618.0,0.02905940622985367,43.33601358855729,0.8828638340304718,0.34759550617132257,2
15.0,1671.0,0.027187229303304045,41.909372789147525,0.8837758202369626,0.3959006513146585,0
11.0,48.0,0.028156466331025802,29.654960910138374,0.9209112139509394,0.4308625898729699,1
13.0,886.0,0.02969763052067579,31.411665023258955,0.900767638977106,0.41035954477130554,2
14.0,915.0,0.028175882369069396,27.90011789217715,0.8957067907577784,0.3407993242737946,4
14.0,3210.0,0.02838453336591846,34.308588287917246,0.8928536531356197,0.38935239755807727,2
16.0,1530.0,0.03152819859182568,26.885929695501734,0.8953850702554277,0.34991676297947416,2
18.0,980.0,0.03115801509614716,43.766310183759444,0.891890823034865,0.36952628760963663,0
17.0,1273.0,0.025770676472984137,37.78034088480288,0.8824090296994785,0.3880166873459592,4
20.0,2648.0,0.024827351142406744,45.723278362686784,0.8280766339316663,0.2526699369693964,4
5.0,625.0,0.03170802041148961,90.3967964925124,0.8650141077564157,0.2880527543537691,0
12.0,2828.0,0.037556343961703105,81.9613810597487,0.802627153281566,0.23800138233712512,2
19.0,2956.0,0.029458281779547044,26.62807937663692,0.888887673527043,0.3022042755530651,0
12.0,2759.0,0.03446432927160837,53.83416626279963,0.8532304482131652,0.3327036742235873,0
10.0,853.0,0.03976686525807603,39.297978281475416,0.8923312752922091,0.3096364913291656,0
16.0,522.0,0.027269697095954334,33.87880639441623,0.9245173618303024,0.4322161264685227,2
15.0,783.0,0.02900912091367115,36.53202897918522,0.9071274497423657,0.387635137175396,0
9.0,6176.0,0.02602464663963148,30.151290388204302,0.9042230730718935,0.3476270658192413,2
19.0,120.0,0.027119137665731343,40.64332668962587,0.9019593287885201,0.33088462622054404,1
13.0,5771.0,0.026228378954250654,34.147034274509,0.8917924144485283,0.3320754146665721,2
14.0,99.0,0.028407064112654364,30.23912923856727,0.9379503627283449,0.4870503688619959,2
15.0,1662.0,0.031536061057427754,74.08562444805814,0.8279751780501057,0.27635851498630526,0
12.0,243.0,0.027185692100278172,33.91589906686747,0.9140766244856142,0.4383554127373939,0
18.0,791.0,0.029709517690765103,32.18525433447508,0.8969251640293686,0.3315127059297487,0
13.0,2120.0,0.026331751314519782,61.18001045732784,0.87161531954783,0.31317838812147303,2
12.0,2577.0,0.03120379581771897,63.42844270768988,0.8281257218124309,0.2989303193655925,0
15.0,0.0,0.030811839430343865,47.09862586917252,0.8714265987678862,0.383279778565477,0
7.0,787.0,0.025075514816779956,68.55029156332277,0.8796880749582487,0.3540439152078527,0
17.0,5910.0,0.026904419429416664,29.337254120094553,0.9127881245038428,0.4356832025411443,2
14.0,891.0,0.030072530703057855,39.67814221954136,0.8855129673185749,0.3721711076317675,2
21.0,2649.0,0.024302256009573083,66.77537574626913,0.8426396808205614,0.2747122577316038,2
7.0,7387.0,0.025767887308646382,52.23642763132534,0.8574104375569638,0.3020343613580125,2
15.0,536.0,0.032631538133457406,50.37069076915235,0.8738873735664869,0.32879977102492336,0
15.0,1133.0,0.03226454880476125,51.989658334606204,0.8901844513066028,0.37027658525836743,1
20.0,1181.0,0.03269196438966462,40.12952954291514,0.8837587495085097,0.3570025401479735,0
11.0,3769.0,0.052666040268922625,55.124130926831214,0.8544652300930761,0.2865255911779222,0
11.0,1867.0,0.02781832466990476,39.38222562268005,0.8954281266855654,0.41718045777364443,1
11.0,2533.0,0.028516892684847698,32.118849762416346,0.9006017573984112,0.4000106161739869,2
15.0,227.0,0.027583298685073924,30.414445892651685,0.9063917073744312,0.41680159440226394,1
17.0,438.0,0.028436210097863873,37.05190512871316,0.8933451117092716,0.40079244450499474,0
15.0,2575.0,0.03345658517344034,52.48814429767265,0.8511005773968207,0.3402518634238436,0
18.0,1224.0,0.028740633459411916,47.32975924808858,0.8564129204718993,0.31196259795718784,0
19.0,319.0,0.028006982906948998,32.60994984610826,0.902566773088738,0.361840929386669,0
12.0,3450.0,0.024027584538140464,52.610324133886614,0.8344937884791819,0.2256761775066803,3
12.0,461.0,0.02738473877266991,22.843410183464705,0.9408519756108377,0.5192688460668009,4
8.0,1420.0,0.0332543965216041,49.38940051809431,0.8769995075593722,0.365315229517468,2
14.0,533.0,0.0296597484067522,28.865093553629407,0.9122141927996068,0.4218753806857226,1
5.0,6354.0,0.028643994936129766,42.872951162772225,0.8900303127730759,0.3469369374342637,2
10.0,299.0,0.02847104586235021,45.5347695533004,0.913518634555109,0.4265858763458842,0
9.0,0.0,0.028302565504539634,20.11084538882851,0.9207825466267134,0.4173930539878032,0
7.0,4077.0,0.029972568578553616,61.95478675761664,0.8291627979471239,0.288610683516675,0
7.0,4029.0,0.024322777750836525,41.510877463716355,0.8660536130607083,0.26692850061554835,2
5.0,327.0,0.02847167049968639,70.35889859383511,0.8669119240019707,0.36863371374010834,0
13.0,2132.0,0.027284780626302192,38.446121090801576,0.9151378562948991,0.35144102487250395,2
17.0,1172.0,0.027802066282644856,32.983712731160225,0.935066963752619,0.4687933594152348,1
17.0,2033.0,0.02612969420965045,36.340912593150506,0.8660773337143933,0.2763659216116729,4
19.0,1905.0,0.026548157574158706,21.374713411343176,0.935873541197103,0.4205050020931382,2
10.0,784.0,0.027748383093054205,35.09714337694005,0.9040736873031152,0.36230974221723644,0
19.0,4686.0,0.030475328594529404,40.395684053775845,0.8699326284706264,0.33119734055663663,2
15.0,1158.0,0.025083534074131632,46.44802176711006,0.8597908529105731,0.31302504029359823,0
15.0,2073.0,0.031708601494088426,49.09325333766786,0.8667080249771385,0.3174379201813527,0
4.0,8657.0,0.030485568453859704,44.76439396634878,0.8816883218971888,0.39276871502136956,4
6.0,778.0,0.028767530082939825,73.11684785599155,0.8794472622192964,0.29836557164812855,0
8.0,78.0,0.029462945209196317,20.68673273354104,0.9052685393107965,0.38625396362235537,4
17.0,59.0,0.033933843394911394,41.16309829675177,0.8841279893471601,0.32962168209438825,1
18.0,774.0,0.039267721431209414,62.28346273246554,0.8234200594015701,0.2691731513904856,0
14.0,3981.0,0.0285892506464016,33.34498567962359,0.8816782753008174,0.31012822036183063,4
17.0,1598.0,0.028856271207545994,47.109266290414354,0.8737000111060675,0.3253357308322931,0
16.0,0.0,0.02758293103782547,24.075509981590365,0.9236112112916905,0.4051417739204991,2
9.0,3088.0,0.03859825792805842,42.6602123272269,0.8694251302572229,0.3009775744459368,2
27.0,29.0,0.02981525287453061,55.749878842561785,0.8859189397453819,0.3337746503339474,0
13.0,2261.0,0.035850726798360044,61.369799726596234,0.8371593159584798,0.3138145400498507,0
9.0,7865.0,0.02878547261062912,21.662017280211543,0.9183552923865055,0.39800452341138326,2
7.0,1754.0,0.028935788961309702,48.95308697038653,0.86751003964969,0.28817401712852286,2
11.0,626.0,0.03012431266443062,45.66626794119659,0.8545012270989369,0.33255287449584137,0
9.0,6740.0,0.027645475864265117,29.886941572450148,0.914337276915725,0.36168820048957184,3
18.0,689.0,0.029915699437101907,25.61437657285093,0.8888275945651088,0.3227076342740388,0
14.0,4418.0,0.028864283270363333,28.125722550198436,0.922130568653039,0.4088518204271569,4
17.0,421.0,0.04385251446691311,70.03545411864994,0.8168456497277795,0.2646207342643706,0
19.0,2061.0,0.027585874839246773,59.41361994903501,0.8465165179096314,0.27434766107317277,0
14.0,1130.0,0.03044494302359751,48.168015020351554,0.8475040119699389,0.30878588179282845,0
14.0,368.0,0.027256457053497232,39.382862409099566,0.9241043681371597,0.394118971531325,1
9.0,644.0,0.027039446709421877,36.060265771211,0.9095884162423074,0.4204705231429273,0
13.0,2025.0,0.029179475307811162,39.58506472636792,0.888590189041714,0.35509513222391215,0
19.0,0.0,0.0268768727384407,41.7057744243735,0.8990485236961651,0.35984247332963204,1
11.0,756.0,0.02963388460804545,28.468080002753148,0.9012200529265191,0.4170282670950067,2
10.0,5353.0,0.027965235270439585,61.29115113778816,0.8610089985059233,0.3111913094736699,3
15.0,138.0,0.0305433606637995,103.42314862528137,0.7457017753429975,0.23178097153857496,0
17.0,4884.0,0.02818527316771374,37.39275215762298,0.8608882231208883,0.33156307182953143,3
13.0,71.0,0.02655163704044727,18.933635852959164,0.9504671443426561,0.5137471787413238,0
6.0,1598.0,0.030327361953399298,32.95791065266147,0.8790359621117987,0.3357366808880928,0
14.0,2626.0,0.03797408387210987,86.98944130358421,0.7946877397543113,0.231711761104369,0
21.0,586.0,0.029889672602776557,40.21382639842487,0.8783986705095906,0.31876106014663247,0
13.0,947.0,0.027567336770028674,33.07740606272233,0.9143158003229355,0.3689207937266547,2
12.0,152.0,0.030165163972886544,24.6592537096896,0.8970791511406899,0.37657166434590283,3
19.0,1927.0,0.0255271385197058,37.1235984438018,0.8901994848134648,0.3808562443053511,1
9.0,2376.0,0.03776249743055878,54.10646438638463,0.8407303236020627,0.2502255259379211,4
21.0,553.0,0.029308973808963936,28.744304425000642,0.904842523982061,0.39072945882714005,0
5.0,4858.0,0.03292466382027852,59.59104086142813,0.8171034701651352,0.25616249129840263,0
15.0,286.0,0.027239513301551638,31.54661885892217,0.901968035516157,0.3306230118065609,2
24.0,841.0,0.04068289590622922,56.92750669189229,0.8398202654704867,0.28502505297614183,0
12.0,555.0,0.026185608014467805,24.04917767508715,0.9398043480187602,0.5532339813476366,0
17.0,0.0,0.027275631018134707,66.15372450333024,0.882336114483933,0.27115011755778023,0
9.0,4115.0,0.026111673076960416,32.385269478970834,0.8942285880720058,0.3834447580457515,2
12.0,3039.0,0.03377372165390814,49.55849166479844,0.8400377891066122,0.2997659867144001,0
21.0,2877.0,0.036308796815811825,66.39393735563596,0.8413219305325761,0.2903319517866417,0
9.0,6676.0,0.032914630869435225,74.17660769637001,0.8607916573036292,0.2932326552428856,2
9.0,1709.0,0.0401826712334475,52.55880176643737,0.852597469930655,0.2637004014471213,0
12.0,530.0,0.026003809982464758,31.935151750440696,0.8990843230873349,0.3586911163997266,2
14.0,3887.0,0.027258982889390843,36.762318874214074,0.8656337635961956,0.3195557626004689,3
16.0,1096.0,0.03087502500802583,43.89861610366134,0.875621464647661,0.37542749864998465,0
9.0,0.0,0.029529353456234635,35.77502979712325,0.8892243620251599,0.35154814184010624,1
20.0,1952.0,0.02608338146186752,39.901028416805474,0.8813819224013572,0.3124286117113685,3
15.0,768.0,0.03551179839967352,60.13006515749366,0.8324145867007045,0.2936270389266328,1
12.0,2713.0,0.02597205906624079,28.48678856113147,0.9190875619012308,0.4143860939825682,2
10.0,2256.0,0.027089746625621598,55.752828529793604,0.8691151590333626,0.3199370285334469,2
5.0,645.0,0.030676103323871592,75.37881011106907,0.8644756147199972,0.3043047381731345,0
19.0,2479.0,0.03200963128009775,41.11134315150007,0.8296596790084425,0.24558610250434912,4
12.0,520.0,0.02629908883751977,79.81729849871408,0.7658975082234725,0.19002707333390087,4
19.0,1114.0,0.025243922529147925,38.66435996009794,0.8767004674695733,0.35307621568007913,0
13.0,86.0,0.028993774306862376,30.910774774556366,0.9105495787998419,0.42856577139814594,1
6.0,1518.0,0.02888078544171126,78.45590720097579,0.8202319138485239,0.23862033064325264,0
10.0,790.0,0.03465438828445299,25.62001000800186,0.9149517811664807,0.3733486540191183,1
11.0,4093.0,0.034101079801362746,62.87824747443408,0.828831837518454,0.29085574321939445,3
7.0,2036.0,0.03235680322759696,39.433827575622225,0.8713099692893068,0.3135928392990804,1
18.0,1541.0,0.0315583133680274,49.61160513267137,0.8727942452445021,0.336646702957976,0
14.0,1313.0,0.03971742689477134,79.6329582604853,0.7959995440889625,0.2525542442645116,0
13.0,2288.0,0.029882936484467104,34.67005904361906,0.8860650138857182,0.3495404924875145,2
11.0,753.0,0.0359063162099942,56.60762355719973,0.8474337813630358,0.3232186917293382,0
19.0,326.0,0.026764393686999774,33.362982512271884,0.9149331219659168,0.4329794159669,0
16.0,214.0,0.033475996277696055,43.59526869951537,0.8540343198435004,0.32358089335994544,1
15.0,711.0,0.028403468377994415,36.159986289359395,0.9068222601725833,0.40050014848498067,2
9.0,0.0,0.027326035802205977,78.26281471003459,0.8884867956103573,0.3167160595625887,0
11.0,1240.0,0.0342195747736606,61.43583124724759,0.8203803166900923,0.27870971399814526,0
15.0,589.0,0.03650074674349974,59.75992793340983,0.8566745053148914,0.3285968974132398,1
13.0,195.0,0.029822658214500815,64.48619483982682,0.7980704082431579,0.24931775531824285,0
7.0,1644.0,0.028899626039627577,34.46248781925066,0.9130641347147633,0.40647315823999397,1
18.0,1172.0,0.027417164499872297,43.853082552738485,0.8645971974352836,0.3641782428794236,0
11.0,0.0,0.02545055228990375,37.68578558486937,0.9295583263228262,0.3635343452970482,0
13.0,1139.0,0.03748114278604644,49.2032526872848,0.8729961157896421,0.3315020271209261,2
6.0,382.0,0.03068609435628686,88.4940747814199,0.8351327097076036,0.28149776182359176,0
6.0,1782.0,0.027986199951247893,26.219261379610657,0.8918190686079105,0.3097095230789445,2
20.0,6092.0,0.028866983727792235,39.24602698879852,0.8748941404106747,0.3579189729759702,2
18.0,486.0,0.027489243766095094,34.20902486470263,0.9134750519728514,0.4110148393723383,1
17.0,624.0,0.029315096842164674,42.769719997028375,0.8609163731212727,0.30796010784811656,3
13.0,1295.0,0.03535543980500021,49.72092784973962,0.8519145879761315,0.3116964456026633,2
16.0,5742.0,0.023643709939470552,48.01086074840633,0.8758660919781027,0.2803605895815438,2
15.0,0.0,0.02778018702789649,27.679142478358344,0.919680458557966,0.44259049055204674,0
10.0,1460.0,0.02999136952959088,36.50091519740657,0.8978539177781175,0.3744808779342801,2
18.0,417.0,0.03010459398685655,37.669398271734366,0.8859199133300564,0.3642066466848942,0
13.0,0.0,0.028084036771960596,48.6295346749224,0.8906151607979305,0.30594920952772275,1
13.0,2423.0,0.029187067281914,56.2341037258133,0.861654191816664,0.318129454678949,1
3.0,316.0,0.025253369204675528,43.812224770299615,0.9313191409511445,0.495569242105849,0
14.0,1122.0,0.036054233622235414,47.840687682257055,0.8630745271461143,0.3509290458725496,0
10.0,7099.0,0.028556167229393456,45.10945774469212,0.8738828937959726,0.34716749707853733,3
18.0,2762.0,0.028069746835197605,36.69096396951958,0.8673416450589408,0.32585388375134927,3
13.0,216.0,0.026362281383006392,48.82621967830242,0.8993015877731518,0.3228350862832855,0
16.0,851.0,0.028170150795586612,38.12547438069878,0.8915445304756504,0.34798883213839243,0
23.0,1370.0,0.030151050088296178,44.86697195341505,0.8737906388118755,0.3482970829178817,0
10.0,1040.0,0.03449636487914,54.821177914486064,0.844996659229895,0.30973669887340693,0
8.0,3223.0,0.036861970791637375,48.01199125779382,0.8483805941922434,0.2771304754588847,0
13.0,162.0,0.032002373685995254,38.62103693192867,0.862698451759689,0.3152547077615938,0
12.0,67.0,0.028546469685822355,52.34299885658014,0.8489032280648472,0.296382344439338,0
20.0,529.0,0.028978491547102227,41.46097482458271,0.8987921414979366,0.3728477382420791,0
11.0,3327.0,0.03232504619791601,43.458517185634165,0.8677725402504394,0.3332052505132087,1
13.0,2160.0,0.03751956209748956,45.571867067553775,0.8533039055734883,0.28911768822641287,1
15.0,392.0,0.028143181712136277,57.40804763462384,0.9099498100397807,0.3404658590000909,0
26.0,177.0,0.027152007013977523,36.05856096501495,0.878766661351129,0.344165219571245,3
19.0,919.0,0.032871563540497604,36.43224511082917,0.8938916912123797,0.36711582945811017,0
9.0,419.0,0.0323486634234415,67.39412061328747,0.8778774455313745,0.3489838084541498,0
19.0,1055.0,0.03050092139133677,34.739354785993555,0.8884889331909183,0.330674196818964,0
2.0,5481.0,0.030434124015854526,36.39007279948855,0.8703150499930853,0.32734031566434996,2
8.0,1390.0,0.043862719632558125,42.22282736872722,0.8738852454104395,0.2933978564047225,0
14.0,0.0,0.026438735162528277,31.407623678695366,0.923305969182673,0.42962250284856535,2
14.0,1874.0,0.02603621802965261,32.739785676110145,0.8757116449650842,0.34858402469090205,2
8.0,7141.0,0.028465336803453346,49.33890191981617,0.8481205386438733,0.27955687923507394,1
8.0,2803.0,0.038515894706559264,53.359221167653004,0.8498512344651401,0.2967229057805411,0
15.0,3743.0,0.026409814258264767,55.729383785195616,0.8499101380430871,0.3091323928671832,3
16.0,5829.0,0.028505187796483686,41.63245450798834,0.8641753582571268,0.28953753779124947,2
19.0,2530.0,0.024997477589351547,52.88597394672911,0.8551343973012743,0.3206228811608563,1
17.0,1625.0,0.026381012962632556,36.210997319165315,0.907314549245813,0.39723203203402957,2
23.0,5562.0,0.025256365985481324,49.89058112754081,0.846527263482624,0.2619993557750739,2
14.0,141.0,0.02670788193569643,24.648164508358544,0.9397916182282235,0.4689740343025495,2
16.0,1723.0,0.026466333381167172,29.747807315174533,0.9242050108366602,0.40235014966609667,4
15.0,635.0,0.030190255436701927,35.24925272747471,0.89949276891432,0.33891646539243714,0
11.0,1131.0,0.029966833744794395,66.12046176160082,0.8118491566139874,0.2536658834084362,0
20.0,2825.0,0.030684512618438676,41.0384402708994,0.8803446647579991,0.3743266971359565,0
21.0,1504.0,0.027399067640073885,44.72735562699562,0.8509616131773579,0.28880225008371646,4
17.0,791.0,0.03273927515885343,41.41741344398304,0.8750059449996397,0.36311583496805677,0
8.0,4679.0,0.026538318927811597,30.22020628620681,0.8798037266163125,0.32128293625939336,4
12.0,31.0,0.027080733770480352,24.077825387431304,0.9270430739202044,0.4105215759244356,2
16.0,1611.0,0.035119479766804906,65.11608565428293,0.8054842604008035,0.2622964562280563,0
15.0,197.0,0.029834278088482536,15.68331567604736,0.9242180844300304,0.4250771346644955,2
21.0,1774.0,0.02698874198068692,37.9927893070202,0.8601002848050887,0.28613086900628126,2
14.0,5775.0,0.025099694127002248,50.04917761509672,0.8637343342014868,0.29440613951476496,2
10.0,6392.0,0.029170267544468963,31.60166098962856,0.8657773861793499,0.29715061895628614,3
7.0,478.0,0.02922152584112755,52.54660383760606,0.8627491489497869,0.3156547774025982,0
10.0,1134.0,0.02881251902454603,57.268030858440454,0.8235658070631208,0.27005535490281235,0
18.0,1000.0,0.030159074650140266,41.68948949650887,0.8529440188447642,0.28671552207571827,2
15.0,985.0,0.028724081005030617,48.452245671836046,0.9027513004451504,0.3637415706395102,2
9.0,0.0,0.03119920184312176,33.99339797151882,0.8855126339012889,0.3927891979194886,1
13.0,4163.0,0.026908969591875134,28.762124468394767,0.900301110423916,0.38096538844429384,2
16.0,1850.0,0.026358233178792802,60.47402189047479,0.8466089119721798,0.267044649333595,2
8.0,2380.0,0.04348714676662795,84.1303171950343,0.7920931073197794,0.22250364309262338,0
15.0,7324.0,0.029563311152928394,40.12093246239857,0.8720851401502125,0.299072861152823,2
16.0,2348.0,0.027275592412393877,39.68408557483674,0.9043092076922252,0.3816276253616306,2
11.0,1727.0,0.0348728461659322,56.022342397610686,0.8274830029031259,0.2552969399373659,0
5.0,2301.0,0.02988163025159804,38.090787826610864,0.8669350531118143,0.32091791370083816,0
12.0,362.0,0.026557422817126416,27.117988957171647,0.9153550999953113,0.4117162920471187,2
5.0,106.0,0.026171219608122073,45.13062146613875,0.9302202629602095,0.43038749654158753,0
12.0,4964.0,0.026438636627866878,39.39659688165562,0.8913658012005539,0.3279723853581226,2
21.0,811.0,0.02968690006631994,30.92128439209835,0.8992946255244377,0.3703632590811723,2
15.0,786.0,0.030440027859310482,53.38039832106528,0.8387938043085147,0.3059118814583651,0
17.0,64.0,0.02571260971582515,37.055439382345384,0.898614477385761,0.37752424209379876,0
13.0,143.0,0.02997647899022675,35.40755837047095,0.9059909705758572,0.3967492452769591,0
2.0,6635.0,0.02667231577184184,44.025559535295386,0.8595559270082188,0.3244789399275221,1
15.0,252.0,0.02735061020080712,31.383718019023153,0.9164872922022895,0.35674247586492236,2
22.0,850.0,0.035162533082401796,49.845978813328884,0.8565013882567103,0.3235566630798208,0
20.0,1463.0,0.033846153846153845,55.65084073911166,0.8460743200698158,0.3132063033692937,2
15.0,1829.0,0.033245278383727817,49.790345487159584,0.8554732160698044,0.35200355152370877,0
13.0,1126.0,0.028939166638739452,35.750983695298366,0.909161209780828,0.38350057094386303,1
16.0,2241.0,0.02828422051517043,29.99470180573236,0.8884472703494464,0.38918820890521016,2
17.0,1931.0,0.0369386660864565,62.81489330470287,0.8327183921802885,0.29532027473228534,0
17.0,1827.0,0.03460809053352329,45.796921933072184,0.8665361114607234,0.34595807710875515,0
16.0,971.0,0.03436443206683907,41.81541346671079,0.8776632576689047,0.3569036475395734,0
10.0,4249.0,0.02725858382816019,38.78843763918637,0.8875441815962297,0.3782936205892378,1
10.0,506.0,0.03217414452349838,25.122591463325108,0.9115481325806658,0.3963534942822682,1
10.0,644.0,0.026409618830882945,30.59172363326812,0.9217946592142,0.43627092785560007,0
9.0,3972.0,0.03615692689812021,59.46740363172793,0.8259126054582151,0.2723514672301781,0
10.0,4023.0,0.026991241153226216,74.07014372706551,0.8138557914770979,0.24829413689726426,3
10.0,0.0,0.0257806592193587,56.2087506290883,0.9037188254615922,0.33491018903121317,0
24.0,1414.0,0.030564099984188815,34.54861626791911,0.8784763013394111,0.31771302016505487,0
10.0,107.0,0.02702287732227852,45.98950905353139,0.9184330462742356,0.37695130164905216,1
8.0,0.0,0.026293486746796813,76.29032345003493,0.8833967171925208,0.3222009150487872,0
14.0,2355.0,0.028540291124028536,45.8064155227722,0.8608330427136037,0.33721291235274575,0
16.0,1965.0,0.02695895575785214,41.10516534510658,0.8544777561368897,0.3205470611453439,2
18.0,1985.0,0.03843815831409404,65.47965383870354,0.8235889290888452,0.2776867054962395,0
16.0,1562.0,0.048139665528715264,60.753705973237246,0.8352675259376035,0.29283575260214356,0
12.0,445.0,0.029903840809293536,58.05719015008711,0.8831536231542481,0.30700348766380575,0
23.0,2050.0,0.030161530267125904,43.03962070363232,0.878453491365708,0.37480033046932715,1
16.0,2823.0,0.029908258957200087,39.60722853430631,0.8972303212675852,0.37550892759009913,2
18.0,611.0,0.02937420419712332,40.6408480197422,0.8989383328533799,0.3458910092982678,2
19.0,2259.0,0.026085996560635132,55.67564048461323,0.8410023875715439,0.3260494275786409,0
11.0,149.0,0.02707007510606582,26.076432551618524,0.9330567371033803,0.4586436324678614,0
13.0,350.0,0.027795400262030864,14.31918629668683,0.9391866640276879,0.4484458413874045,2
16.0,1567.0,0.032271375951572305,60.8602280878626,0.8578954931339228,0.27876849801526515,0
20.0,6704.0,0.03382294684676987,48.77823527028582,0.8473054671921465,0.27556915799242643,2
12.0,235.0,0.028808348997493734,48.1726382146879,0.8999944480444295,0.3064697056963753,2
11.0,0.0,0.02713496793825198,52.76641452434568,0.8961525347879733,0.33300376721790115,0
4.0,1351.0,0.031653107699708645,60.80039623652803,0.8466121654363216,0.29963974127780724,2
9.0,1963.0,0.035240467613139204,50.98688494589026,0.8801163649812475,0.32362635850037197,2
24.0,1403.0,0.03529921523479394,31.420943230470833,0.8910204495087994,0.3564650957684848,0
18.0,0.0,0.032653289706530295,27.673282914811534,0.8950668745581885,0.4139950819100363,1
15.0,982.0,0.032951929460967117,35.273190283884944,0.8971387712994517,0.40642888431161345,0
16.0,1081.0,0.028729415338265698,40.11397597737334,0.8984178334933814,0.4054495414633427,0
16.0,85.0,0.028003499700166138,30.508471103451864,0.9288230564997645,0.44522027673364767,1
22.0,687.0,0.027880008266923016,48.830417726420464,0.8888738457240005,0.29722927963434215,4
22.0,737.0,0.03478262437109157,25.343369554663788,0.9078159651414482,0.40848897018328434,0
17.0,297.0,0.026951914662125404,60.99400620698403,0.8730413376579236,0.33948477489017137,2
17.0,1850.0,0.028258483751667392,28.422264655072006,0.9154876143573324,0.4167572656662958,1
4.0,954.0,0.02723637762869523,68.07885568461644,0.8640112239079714,0.35400125576016905,0
12.0,1186.0,0.027692380456888804,29.861519715804416,0.9123133432545107,0.38115011851978675,1
23.0,791.0,0.027286116236806615,48.885465664773804,0.8647642595251555,0.3523415900080625,0
12.0,3873.0,0.029024723544063345,40.81545997159029,0.878136921764509,0.3278832968206225,2
16.0,266.0,0.026811689833736795,32.903229625624704,0.9208406471775432,0.4152605904418517,1
12.0,3469.0,0.03069302823087593,36.11817099164975,0.8571862786847941,0.30125105012678344,2
18.0,859.0,0.026077264704649637,42.58537021989039,0.8797982023282606,0.3643304712546778,0
17.0,1272.0,0.027606756742060923,46.55557390790611,0.8609540897646873,0.3461995102462811,0
14.0,643.0,0.0302284842366855,56.83664209712416,0.8783063581445985,0.30962997153676364,0
6.0,3024.0,0.02710209280520813,33.731883160609144,0.8932578591488103,0.36019642203301,2
9.0,2483.0,0.02986432036518796,54.47393903491983,0.8302074586043606,0.2684011690033769,4
10.0,2237.0,0.02705101325034589,23.904298614191255,0.9301200957042913,0.4988942179517253,2
16.0,262.0,0.02686526239509582,32.10626878127595,0.9099527796014746,0.39867618093649504,1
16.0,753.0,0.03367091003738583,50.40786029325797,0.8598391949777854,0.3495970057284202,1
14.0,836.0,0.02784803773064037,31.491020010575745,0.9098937605199763,0.37182300720251926,0
12.0,1380.0,0.027749023986477318,23.09191716091953,0.9496621637766454,0.511172221572622,2
16.0,755.0,0.031146595711281626,43.82433541517758,0.8745306326319653,0.35266457653178224,0
15.0,494.0,0.02859013873530496,28.934610700250953,0.9084377417122149,0.41864425006497763,2
8.0,690.0,0.036741827392943335,96.08468548998076,0.7849833680902322,0.22117863333296292,0
15.0,1107.0,0.03121698621041642,35.50091107096135,0.9061235271736522,0.4241657264289458,0
8.0,867.0,0.03832277182966541,96.79679841355632,0.8065003443724238,0.26270484012397755,0
11.0,0.0,0.029510147776144836,20.374939250559976,0.9129115061516231,0.3902695063088541,2
19.0,431.0,0.028100296250703323,45.287459870091844,0.8688059401925362,0.342010923147977,0
17.0,0.0,0.027176084573187653,27.241788985035456,0.9294898966642595,0.4134927551835862,1
11.0,501.0,0.030073935595884064,41.21255449727371,0.873868190887674,0.3371109239662352,1
21.0,1564.0,0.028395098125927453,21.949320355883934,0.936977541590172,0.5106075601690201,2
13.0,308.0,0.029469185924655143,32.11745752518406,0.8935490005830138,0.37797207206204264,2
11.0,207.0,0.027764515270581238,31.799433755074148,0.9051722440552472,0.3680547084474881,1
20.0,1612.0,0.03211643273483813,38.81357762416272,0.8869791366815132,0.38530499944379487,0
15.0,1721.0,0.043796080862621135,48.29062663169948,0.8423254129742141,0.29041508897895446,1
16.0,993.0,0.035998204748719176,63.41778281910328,0.838553091805231,0.2975873580866799,0
17.0,811.0,0.03254138415158408,57.87467411517845,0.8355461859147681,0.29358725403111946,0
14.0,262.0,0.026430617483608403,32.813042104667055,0.8893640460947227,0.3400456190280686,4
13.0,1665.0,0.027917810860485583,45.22639175054802,0.869353826947622,0.3540643951498891,0
25.0,223.0,0.027497090463009563,29.439217184926765,0.9328103325451773,0.4369177616516583,1
15.0,1438.0,0.03127219164276301,50.477398140755284,0.8740551605114913,0.33361657152759827,0
15.0,0.0,0.03261679297451399,128.1863518449523,0.7122447498906032,0.17725101857412034,0
16.0,1028.0,0.027284187723819103,42.82242302722901,0.901147611869245,0.3332022775027952,0
10.0,2997.0,0.02831501171382231,41.98835749608612,0.8501548926254205,0.2812572564183677,2
11.0,554.0,0.029229001169401993,31.775073541319934,0.8992329827713981,0.3887176708247648,2
17.0,1570.0,0.028107499271418333,43.94692532935302,0.8925780227355662,0.3420815467807,1
1.0,526.0,0.0274092317470406,61.92821368873834,0.8789516835447709,0.33079097734290663,0
19.0,2100.0,0.036713968523781185,66.82170796949248,0.8362825809430859,0.2705180984531018,0
17.0,64.0,0.028062823474632424,24.660418161571748,0.9201712995016518,0.3921603675725737,0
13.0,27.0,0.02874544595931574,48.85498287951499,0.8884515885554456,0.3313133753103674,0
21.0,1525.0,0.03202493625312908,44.37396819299644,0.8732731677579412,0.3644228217602482,0
8.0,1978.0,0.03038246270424767,60.24991619867755,0.8713153252044139,0.3602268425379071,2
15.0,91.0,0.026724375230609748,51.033517580877444,0.9203433743522682,0.33867469306085596,1
19.0,879.0,0.031152255893197593,44.52102436144712,0.8622661627115283,0.34256063967815686,0
7.0,1007.0,0.026362089801809072,23.807779433166353,0.9374451059471344,0.47145938069506377,2
11.0,2286.0,0.03089897103908562,35.47325399641873,0.8937614144493865,0.3638949912923322,2
15.0,315.0,0.029339597262119058,25.899146390146186,0.8910154459869583,0.37202784331892574,4
15.0,4103.0,0.026500054073717225,38.54249288787215,0.8857675915546773,0.3358924926454232,2
10.0,1060.0,0.03301451800800791,55.47103550788766,0.8545016913740677,0.33232953330061066,1
16.0,608.0,0.029750605281666034,38.084239411144196,0.8855687031701209,0.3646620770354616,0
8.0,4781.0,0.03708747356239275,92.66092020997351,0.7810328389290325,0.2179929105826976,0
9.0,3016.0,0.029886743135626403,60.044819076310034,0.816474992505112,0.25191108009023516,0
19.0,3594.0,0.026484364107723556,44.77976117101778,0.8933538268905362,0.38836515962306434,2
15.0,267.0,0.030345875616376118,35.3755794292141,0.8894750118813929,0.3986546583027481,2
12.0,306.0,0.026951342812619468,30.259794814718354,0.9240979931649166,0.43552460413045235,2
16.0,409.0,0.026750602316002178,27.893661914928607,0.9181797196950379,0.39419010860538733,2
10.0,603.0,0.0289977624952294,77.52525184135055,0.8059508131503711,0.25382449504344845,0
19.0,1174.0,0.027470759665824754,39.452562404072665,0.8783911317239822,0.35970589297291083,0
18.0,1514.0,0.028972719039193177,43.2015360960392,0.8688669886924587,0.3420560572867858,0
14.0,2038.0,0.026390038223588288,43.11129383119385,0.8718361397936891,0.34899576270952265,1
13.0,69.0,0.027950627960455197,25.383236428214857,0.9123675712463581,0.4280304948672792,1
20.0,2985.0,0.0258251826615667,46.17862030036558,0.8702380769473009,0.3377356882352128,0
10.0,21.0,0.02976265771317255,15.241217087465849,0.9265879415216081,0.4532531360658705,2
12.0,478.0,0.02629336404719745,55.610129417753406,0.8973714776233817,0.32203285454952935,0
21.0,117.0,0.02759693196419432,38.07573087204966,0.9071259090093362,0.34384341562712717,0
16.0,404.0,0.028986092892268094,36.67792942297098,0.8874117293124089,0.38304281411845514,0
7.0,1044.0,0.03498860476299998,95.40827778745933,0.8402857921938078,0.31147080355691176,0
12.0,2034.0,0.027550139009950084,26.40911773150679,0.8887721250307752,0.2963088810097939,3
16.0,845.0,0.03623112009649642,60.35517443845414,0.8321048060089543,0.27148277024974926,0
13.0,1318.0,0.027304732641159554,41.97173207770078,0.8559850680651071,0.26881876517317616,4
7.0,3597.0,0.027268453220498354,39.63343595383121,0.8745925614704404,0.3641561216886046,2
8.0,852.0,0.027697332777255914,33.58130733535553,0.8775786145455544,0.3302117072868343,1
7.0,207.0,0.029168900804289546,57.29656452841966,0.8321934001860003,0.31051794076144845,1
10.0,2524.0,0.03385438748365749,45.542531984103434,0.8706732822013316,0.28844458554940156,4
9.0,713.0,0.027253124542047858,46.059657438960215,0.8967932638755391,0.38648605958115995,0
13.0,2033.0,0.025777630091551658,47.03699585911916,0.8597160845370547,0.3403862746717493,0
18.0,480.0,0.033647070158018315,58.22510937605354,0.8397821041410631,0.29863483876009056,0
27.0,120.0,0.02828962343836124,29.50411241882749,0.9102297329316866,0.39783788325395125,4
16.0,1172.0,0.026541981941784875,43.4718973832164,0.8849979330928623,0.34981166562074584,0
20.0,1658.0,0.0283920901338474,47.753296981230555,0.8788318729197656,0.32910246566002554,0
6.0,178.0,0.027178893504421507,31.245782910788694,0.9284103846670999,0.4356630862676458,2
16.0,167.0,0.026397755912094173,34.87621437993569,0.9127007653289431,0.4053080318684791,0
11.0,889.0,0.02779239407787565,18.91163459464547,0.9208630849464199,0.422062350235369,4
16.0,949.0,0.032146750413264265,58.589123604671045,0.8213807735007872,0.27275168633094526,0
13.0,325.0,0.028409465555292668,24.037216348136443,0.9169294150463391,0.41025032501466613,2
13.0,786.0,0.03523448740937328,51.27926196148289,0.8569098896206011,0.3118542312644627,0
15.0,319.0,0.027888917994667663,33.81912238496203,0.9159353699435964,0.36192092460493286,0
14.0,1501.0,0.035481646383513483,51.14195541223064,0.8441154842302163,0.31168869693565865,1
19.0,2667.0,0.030961708973289915,50.81802359281291,0.8574912637368535,0.3452310986159641,0
20.0,2084.0,0.025912913607578723,44.83422454586994,0.8709541639358345,0.3563934107059728,0
5.0,206.0,0.027908149936490493,10.01269751573323,0.9544352710446493,0.4678700076164236,2
11.0,774.0,0.034508294999490624,50.67502457507589,0.8630303099657006,0.3240870130248654,2
11.0,1207.0,0.02975818780818673,60.197802452240374,0.8897337669173699,0.3198650955763905,0
13.0,3223.0,0.03386056094746055,74.78075954362703,0.8306603831872295,0.291767568855303,2
14.0,2249.0,0.02534924438070698,38.10947308283443,0.9097548689431769,0.3527848963050165,2
12.0,47.0,0.03604542971390655,68.61459769299219,0.8252009977606877,0.30526298965522114,0
16.0,1473.0,0.0318374957419725,45.10359858242302,0.8923275554000332,0.3719549242698799,0
9.0,2075.0,0.028288130650335374,30.381026871259486,0.9078574017562691,0.3303007716719606,4
19.0,472.0,0.042757016972547655,69.03189197638952,0.8178748726679582,0.2757953328555052,0
21.0,1038.0,0.02746798683347572,38.175972831306694,0.8920587057781209,0.3900144004510575,0
18.0,2931.0,0.028937106468231253,35.5445898352735,0.8867507760733409,0.3068412016728809,0
9.0,6413.0,0.02970489006088339,38.32527732679269,0.8812142087703079,0.32288819297052923,2
12.0,1547.0,0.03822996224816536,58.00484895375191,0.8320982828954704,0.29440750935201554,0
16.0,1257.0,0.030363417534658384,45.7120062029409,0.8800590935007474,0.3199238996294597,0
7.0,2974.0,0.028631952718379632,37.623703304488714,0.8847363789147512,0.3510240948065089,2
12.0,297.0,0.026349719347960314,34.61516144397066,0.891058881182629,0.3041060792052611,4
14.0,1877.0,0.033463916406146973,51.4503546350867,0.8610406177807941,0.3446531164385811,0
18.0,198.0,0.029564899674207595,35.63271480323682,0.8878683397009064,0.32733135268841357,0
3.0,5582.0,0.04509300854993611,62.01221978906727,0.8409948410366586,0.23889991340184136,2
17.0,658.0,0.02762412483321969,36.736520397496164,0.9129466476308357,0.37528816658346115,2
16.0,1419.0,0.03550533876917104,59.478979681121615,0.8332955709603335,0.30198240656420117,0
6.0,7135.0,0.02422105032287617,51.73469185408798,0.8665890800721758,0.2857368967636668,2
7.0,1704.0,0.03222436375332554,50.30638834292729,0.8412485212316984,0.2714358347200989,0
9.0,1241.0,0.027540825002929877,55.74629712383807,0.8192798165292889,0.2508323424347555,0
13.0,444.0,0.030264533870405515,34.13849306785483,0.8927966389042499,0.402553854052248,4
21.0,2429.0,0.02801455955482437,40.11289043239181,0.8804713435396341,0.36175082767595035,0
21.0,155.0,0.029219839418128696,56.20899480584388,0.8462039730696563,0.2964423667774234,2
17.0,1290.0,0.027205728673251932,27.456094356705883,0.9025948606256462,0.40764577254173273,2
16.0,925.0,0.03472367973060581,52.7389849012989,0.8464900639187467,0.321687520076978,0
10.0,3498.0,0.026377477717393093,40.51634201990463,0.8483323490681527,0.29310820091110423,3
3.0,2376.0,0.042705081912277995,79.85793782746954,0.8201646546397965,0.2630483492096364,1
19.0,733.0,0.037586086870043015,66.09591727329394,0.8270202608276682,0.29244288608675195,0
19.0,1011.0,0.027082829560462044,30.82606732538492,0.9195525507232448,0.46269134183895794,0
20.0,754.0,0.0285118003941223,32.78099772251926,0.9072507792952537,0.41209721302213953,0
9.0,1921.0,0.034586062817810216,49.145336852705526,0.8767330165495737,0.350029802141964,2
9.0,4967.0,0.02872279424596744,64.73928211018887,0.8297575534439762,0.28361712361038294,0
14.0,1204.0,0.028091902736664526,38.45323086877585,0.9176943275888535,0.4196145075745619,1
9.0,3212.0,0.04003601320816831,93.37854373529927,0.7565382908877083,0.1701358064307672,0
15.0,215.0,0.026670623992666422,31.72783884075814,0.8911469039682653,0.34377077846576937,3
6.0,6416.0,0.03071078842137321,39.81644276897158,0.8620733131967575,0.29655872915341336,3
9.0,1318.0,0.03383846694690861,43.55000609378217,0.8569699395121501,0.311651371669775,0
10.0,1607.0,0.04693782697046997,68.74339719253486,0.8249350679880182,0.29410810663595954,0
17.0,1191.0,0.02777454716055029,40.175292646197114,0.8994447141228237,0.356872151894593,2
17.0,2912.0,0.02689638604634943,35.69669183987775,0.9088048655102245,0.360365062795699,2
12.0,24.0,0.02891959152149661,33.14115389733965,0.898120883278528,0.3667940367461032,0
11.0,1862.0,0.045734029379454456,68.45802093780352,0.8092393149563463,0.25323978048964213,0
15.0,1241.0,0.03153123525996027,57.19752692391851,0.8256898839188475,0.22833435706685862,4
18.0,4244.0,0.02698323455228368,44.68671170486887,0.8904357388484243,0.31457436823942503,4
16.0,761.0,0.032992252208268354,56.879223444946184,0.8338017978964221,0.2947749871178892,0
15.0,552.0,0.029997361967386102,29.577723431080617,0.89852884548062,0.4075654697469226,1
25.0,5572.0,0.03081527341353505,67.40450402309378,0.7963418817458345,0.22963135971563298,4
15.0,107.0,0.02729694398053486,24.62111320407952,0.9478110637495579,0.5452791196363133,1
22.0,1539.0,0.029578396209533737,46.894983750969715,0.8775577129989883,0.3401656091479035,0
19.0,0.0,0.028067216488464573,38.313653571650256,0.9218107821288708,0.398546862896086,0
4.0,8570.0,0.0320314383959273,39.21503008576121,0.8679813956868095,0.2927152846414241,3
17.0,250.0,0.027019329286009208,35.22722053363583,0.8904186371833822,0.31791307588254525,4
19.0,0.0,0.03198089922658346,73.58775399207953,0.7828284709959298,0.23890538207872847,0
17.0,5044.0,0.02845210994271702,35.922849157979954,0.8938854026706604,0.3077585695250699,4
19.0,1966.0,0.028338333978577882,31.01024879041094,0.9156156292640296,0.4062985832579801,2
10.0,34.0,0.028637839043487958,36.846345332286646,0.9055008145557473,0.40692763585308334,1
10.0,1790.0,0.03636871709814668,48.770144504922726,0.8478780543809123,0.32411999357511323,2
16.0,2430.0,0.026236855981885295,28.112051179379865,0.9334805628279145,0.5203039666745944,0
13.0,1244.0,0.026025085240673748,49.13917552766024,0.8821274311972915,0.37276713840843756,0
11.0,0.0,0.03192659227344018,28.039727964928137,0.9150806218235324,0.38690009280450194,0
13.0,2607.0,0.026612009959386153,42.5341330679594,0.9100298692164203,0.3888950407680656,4
6.0,3047.0,0.026355523322253636,53.531583186425095,0.8446293711839793,0.2941236294611317,4
11.0,1532.0,0.02664999980407293,45.67286224669945,0.8839554563875958,0.3043275848236259,4
14.0,5415.0,0.027872841366945456,34.27111660173158,0.8895373661991344,0.31722941920488507,2
10.0,365.0,0.03052631139010904,82.50719682132622,0.8600302257822176,0.3247617001522,0
19.0,289.0,0.0298289509001053,39.44699856461968,0.8518081244383583,0.2956792864248381,3
15.0,1900.0,0.03249840218882179,52.3457021343377,0.8816570421909726,0.32927194331489074,0
17.0,414.0,0.027536297847162168,29.073694974422537,0.9376755161381904,0.546943730324531,1
15.0,3831.0,0.029020288571877932,40.67436315341968,0.8748048580433324,0.3797450304629933,2
17.0,973.0,0.032990158593978275,48.0558284144336,0.8685185136885265,0.356722190804254,0
19.0,513.0,0.027776010131973297,36.631166997884975,0.9007418791350073,0.4174032968947975,0
9.0,5728.0,0.02863043873810049,70.99536417609389,0.8447930144792541,0.2681731108646528,2
15.0,2984.0,0.029350844381204267,50.38540719682748,0.8727560424393873,0.29699327262777303,2
11.0,64.0,0.029762890092305753,40.521469492304014,0.9033646239014665,0.3904982574253403,1
17.0,3450.0,0.03229582691401823,58.362663883855205,0.8267283874243037,0.2797939353353992,2
5.0,2885.0,0.03691013071895425,36.73600082608796,0.8935565990850687,0.344480599587935,0
18.0,1527.0,0.03326460822805755,55.6609359582492,0.8473596256027943,0.3270311332157285,0
24.0,1488.0,0.027224653360631082,34.32293366105733,0.8938774966251055,0.35097974793355863,2
6.0,2656.0,0.026024589766608562,24.8054958281368,0.9374980662071826,0.5029112431121674,1
12.0,879.0,0.030515536111919806,40.06451829528137,0.8958203996239982,0.4007711250026801,1
14.0,1093.0,0.03365506967505664,49.63449740637574,0.8619680059747059,0.3320066430541256,0
8.0,1707.0,0.030903262924303444,39.45919420399121,0.8623093941584455,0.2980428213859106,2
5.0,450.0,0.027932643744763487,28.545420067197256,0.9371184711850351,0.4804093086342436,4
14.0,2539.0,0.028927424933736484,44.38433275309593,0.8705026206662567,0.35401140133461706,0
12.0,1356.0,0.03191334035408182,62.22716625531138,0.8370673136930364,0.30222467300009764,0
11.0,836.0,0.047125489165457626,72.36210215834564,0.8096412904694699,0.24448381506751682,0
14.0,521.0,0.028377488795247686,33.21250380267286,0.8897570897906697,0.36398933351826346,2
11.0,469.0,0.027040081065043263,39.12515811456944,0.9171666591497418,0.44187302204127415,1
8.0,3433.0,0.045324937626232624,43.57240392017364,0.8637515533419703,0.2614509461254756,0
14.0,1941.0,0.03902604646650822,59.986869870710095,0.8501734791627344,0.31077973096297,2
13.0,0.0,0.028185982732169615,18.66827141458279,0.9289520786698321,0.5123597087502694,0
15.0,771.0,0.029121738698041976,44.9554123425843,0.8493239358838502,0.27434761046579853,4
14.0,1131.0,0.029725006441038884,32.31543806922694,0.9154588818685421,0.4276996818990353,0
11.0,954.0,0.03606757808158275,36.47817600241583,0.9039640272028284,0.36476784362375086,0
17.0,1231.0,0.030921494872638337,25.766803377894153,0.9216429620318786,0.3344893753585279,1
10.0,5970.0,0.029023437570409143,33.87316859964994,0.8731792247619166,0.3263992001305637,4
18.0,389.0,0.031933734817986885,52.42332934941892,0.8517266266455702,0.31085904652578017,0
20.0,1409.0,0.026229615204691088,39.84739824964794,0.8815243857493595,0.36778939832376506,0
13.0,259.0,0.025769254653563722,34.18598304884857,0.9137431484977423,0.3558180894515727,2
9.0,1972.0,0.026115583267414266,41.95132992013747,0.8757188648822909,0.31117571313659975,2
15.0,788.0,0.02957188912418218,42.301656230778356,0.9052103844094043,0.3192474584602686,1
7.0,525.0,0.03746263783186397,88.48729074752508,0.8287247628497092,0.2916450436224164,0
15.0,195.0,0.025298562594891424,38.040525997542666,0.8844124765054504,0.32290277971561454,2
14.0,1882.0,0.030228575683121137,43.72381493219534,0.880014263547784,0.3613086008593916,2
8.0,989.0,0.03179554511128859,60.32308331554036,0.8691239889583963,0.3614082280138005,0
12.0,1319.0,0.02818733055532602,48.76710724445644,0.861194767695752,0.36698043450816237,0
14.0,3299.0,0.029171666802592693,28.535733727132957,0.893345188977731,0.3746101935743376,4
20.0,999.0,0.028284230063740645,53.66242913618193,0.8474870291940906,0.3266905718328921,0
10.0,199.0,0.042489456659706014,40.767673641678414,0.8830973283079936,0.3154100753708976,0
26.0,915.0,0.027648334951912535,35.15577354698968,0.9016862044489091,0.3618431738924413,4
6.0,2714.0,0.03204118408143003,60.42960922319425,0.8501940386802691,0.33644802565257587,1
14.0,1139.0,0.035634133541579724,48.26544654092888,0.8287717851406222,0.2522914703690048,2
13.0,2431.0,0.039763735530874075,44.95691169118491,0.8592174240362594,0.34520096204200423,0
20.0,165.0,0.02848089474566693,36.50487398305503,0.8979955214139308,0.40702564861231516,0
20.0,745.0,0.02796601605919984,49.86380362148256,0.8487394172495459,0.3252930546671533,0
13.0,4570.0,0.027011661689609685,37.0673178074058,0.8622558384817005,0.300716013870813,4
14.0,1289.0,0.03139012645695513,33.02543358203215,0.8852946890762006,0.35422522632613695,0
11.0,3672.0,0.02753745555879491,41.14852860566947,0.9023205269131304,0.39674486125233743,4
14.0,780.0,0.029564919801507605,20.90937231842375,0.9151328953292506,0.4361889993165866,2
11.0,855.0,0.038385989160650856,69.3136364504756,0.8067472746938171,0.2679473563880651,0
13.0,0.0,0.03396305527731836,141.01109059259466,0.6960895942298779,0.1745812756136702,0
17.0,1775.0,0.028358894724291754,30.692605310414077,0.9001263057607867,0.3596357403554178,4
14.0,1028.0,0.0285772852071799,33.64652099435824,0.9140533742451198,0.38491434214852815,1
17.0,3146.0,0.037719139875986754,70.4763732181725,0.8140227664323323,0.27397050090165387,0
15.0,0.0,0.027284046481636036,21.830661242441828,0.9448455636078207,0.5041713813881025,2
17.0,29.0,0.027153628169302745,34.1121003462713,0.9104336825762088,0.39063010418866684,4
15.0,737.0,0.035159865964852766,54.51945520171898,0.8320759844479246,0.2877039419752455,2
10.0,683.0,0.04305164735510104,66.66599427490763,0.8244582318959327,0.2956991724949022,0
18.0,300.0,0.028782728212700455,26.40068708882835,0.8997341576423414,0.330938519027787,0
13.0,106.0,0.027377483738300373,26.578968449939524,0.9385338555114024,0.5059682198937814,2
21.0,20.0,0.029853991436149165,35.66643878679456,0.9145747157041559,0.44468371130047923,1
18.0,1757.0,0.029285332969161245,45.40393495085233,0.8744778820470512,0.3486588981663686,0
10.0,23.0,0.02858478004351858,16.300803921129727,0.9200529818674683,0.4020238325872114,2
14.0,3954.0,0.025988223117268755,49.13591641014892,0.8689543218064446,0.3532399355892331,3
13.0,3367.0,0.03351307189542484,30.434457273156163,0.8804193722678693,0.2729840661280753,2
6.0,400.0,0.029613755420207034,101.45359380588806,0.8381981994642496,0.28892450835412725,0
14.0,3198.0,0.030306032386476216,43.18992992570145,0.8712335276094304,0.34464924584627354,2
12.0,962.0,0.029085869845906984,32.1346881042264,0.9053254353291367,0.41005685874615444,1
15.0,3912.0,0.027855501295536596,36.350212193381964,0.9185972348813188,0.4521819112047113,1
7.0,8291.0,0.027442494687484217,57.164121057978406,0.8459240330598949,0.2802114656202669,2
17.0,994.0,0.029115587030371815,51.80185005657333,0.8480195121716895,0.3041893015231367,2
5.0,847.0,0.02864967700123346,55.86147085382848,0.8570123005625649,0.3337793072110434,0
11.0,0.0,0.02906051975441259,34.8590059999393,0.9104247933223759,0.39659553692833394,1
16.0,803.0,0.02757384923617227,33.91633539638712,0.8851063589034609,0.3357845770634813,0
13.0,2152.0,0.030340285911527213,33.90366554612919,0.8975868596742101,0.3864881971224062,2
9.0,0.0,0.028790755797912914,15.89611187454106,0.9415395715889496,0.4909848466195815,2
7.0,0.0,0.0264990409473772,107.18587386285157,0.8912552957607149,0.2862987048091086,0
5.0,1851.0,0.04759768000093414,50.54769860464824,0.8594832619903499,0.2590005221741261,0
10.0,1933.0,0.030045187483166914,45.242959996472415,0.8534577384412464,0.30806792700119595,0
13.0,811.0,0.027032957559941537,39.94999130207283,0.8994022585745653,0.37075632045901236,1
16.0,1107.0,0.03310819532420029,56.64912723928628,0.8372876608850284,0.2860947358600774,0
14.0,375.0,0.02727484607765067,33.35809706497553,0.946729451785645,0.5320430814856613,2
18.0,2557.0,0.04415489365077362,61.04250064934125,0.8289362262853761,0.2806207707798935,3
8.0,3481.0,0.02903437649970953,30.296261150081957,0.8722514736163787,0.3328596637606115,2
13.0,1796.0,0.03251274187841051,53.88634959652556,0.8515865455111633,0.33304678339505966,0
14.0,1534.0,0.045493318168893945,60.77327995619274,0.8378387713483982,0.30147868629893276,0
11.0,2486.0,0.034547208770106315,50.93877957478116,0.8547709680647521,0.3484225609899898,0
12.0,146.0,0.027928437811804586,34.695797671650446,0.9307759782107901,0.3960077028194726,0
11.0,1297.0,0.032367433835787385,42.686147218466864,0.8913256973658824,0.36295536292175906,2
17.0,0.0,0.02596110497924666,31.75001111607514,0.9056449556216304,0.437047278453937,0
13.0,5396.0,0.030126013443215683,31.842682652671154,0.8813307280551297,0.28898449605667215,2
16.0,2804.0,0.029367082888591453,61.0409963180805,0.8338644351459027,0.250335083377273,3
10.0,2808.0,0.0337863605281153,56.37510691460967,0.8379195887798048,0.26676406675962766,2
3.0,2057.0,0.03338344608702915,81.7869640448886,0.876458371631035,0.32921631745950175,0
13.0,242.0,0.027427294997016426,35.79610472561577,0.9108709714127583,0.37056333136318065,2
21.0,286.0,0.0332928092494154,41.18139327598606,0.8902369274225247,0.4034067790528628,0
13.0,1519.0,0.031341263367366146,44.41489850664088,0.8615596790995605,0.3004914489731957,0
20.0,478.0,0.02734854712075426,31.33216751871072,0.9347585480326978,0.4254147919928648,4
8.0,2315.0,0.02698008382086682,24.11085293995142,0.9499113105955028,0.4519000597138479,3
19.0,820.0,0.0283634963060518,53.601237307916485,0.8695524981447355,0.30051447260288144,0
7.0,639.0,0.030670465996222914,32.17343278499443,0.8996615986591749,0.3255289434835197,0
16.0,432.0,0.026691658040912496,59.63151369946377,0.83833516407207,0.28993077480405927,0
17.0,145.0,0.03272941523051996,39.89402587947061,0.8937304290969438,0.3966319748508874,0
15.0,1500.0,0.0302305890830481,46.1772817987772,0.8567340632505207,0.300001881471057,0
21.0,1292.0,0.028364729913753974,39.85182160653824,0.9055087547605436,0.3993584477753419,2
11.0,469.0,0.027040081065043263,39.12515811456944,0.9171666591497418,0.44187302204127415,1
10.0,1857.0,0.03327706114550891,50.665613530552335,0.8336296811606847,0.28194892193630194,1
14.0,2946.0,0.025987653004028388,43.18355719728492,0.8570594173176475,0.2914900834654844,3
19.0,2772.0,0.026403285391485242,34.87530704688607,0.873859218489681,0.29993195830017133,0
17.0,418.0,0.026331352221416807,30.3089989963435,0.918608218907898,0.4381253457483996,0
16.0,2705.0,0.029404801193841385,41.232722222095276,0.8697484184911635,0.3158374042123393,0
13.0,92.0,0.028610310021629417,18.4073507361649,0.9226850771380471,0.4416687356308636,2
14.0,1819.0,0.02898788915264381,34.47327523506567,0.8986292455615381,0.40570029410188646,0
15.0,507.0,0.03647172489944002,40.36285932326183,0.8680677705319119,0.3443042914050326,2
10.0,562.0,0.02669664385560112,27.449811489941013,0.9283471490413886,0.41410275729550206,0
18.0,3872.0,0.02956322991039643,44.482851438330904,0.841916122736198,0.2813218556961635,3
12.0,3628.0,0.03607530933867614,63.39158676436695,0.8552670343056761,0.3286425915587364,2
17.0,1680.0,0.03327713402138679,48.771209056977,0.8613816996179559,0.3369794811539564,0
8.0,1441.0,0.028144511402081775,63.98583580535062,0.8547194135620251,0.30571198882580736,0
8.0,2238.0,0.0547558344773485,76.00687439991152,0.8333901504672593,0.24831802148382504,0
13.0,850.0,0.03892847098528171,59.91969363461307,0.8446603202840267,0.3076087600416413,0
18.0,1182.0,0.03308124426186141,51.10241506113364,0.8351245426030293,0.29904718738440694,0
5.0,1082.0,0.031655891675796834,93.40532918980972,0.8294263117589595,0.265496915087987,0
24.0,1375.0,0.027273998145242114,47.839615689437174,0.8984479230879112,0.31181502227368585,4
16.0,784.0,0.026811809968578838,45.774121165255195,0.9239313840980914,0.37888427788105555,2
5.0,2450.0,0.0248606253451495,60.153562576429565,0.8134094049238443,0.2217816695310918,2
8.0,175.0,0.03208117397153069,38.64726144967659,0.8840620132553906,0.422240585860865,0
14.0,1362.0,0.04503975963108759,69.73613384391159,0.8388319042273942,0.26323781222296905,0
17.0,904.0,0.02696090294355978,168.41321696014379,0.6789777850189924,0.15425076448875527,4
15.0,0.0,0.03266171108847909,96.89751254831594,0.7461017774499561,0.18806096390046298,0
10.0,1710.0,0.028549772104459997,36.44800539108862,0.901593543972331,0.3710999080733705,1
18.0,1136.0,0.03944072838558733,64.46996332977704,0.8396118228091316,0.2991592659034493,0
14.0,891.0,0.030072530703057855,39.67814221954136,0.8855129673185749,0.3721711076317675,2
10.0,21.0,0.030189605119177034,177.22303554397365,0.6713278606051958,0.15447642609112394,0
3.0,1386.0,0.02705660621955415,42.18483297036006,0.8614642348458108,0.29377876792876334,0
16.0,2414.0,0.025660915973687477,54.892211303714106,0.8605890871576121,0.31092407644138165,2
1.0,19.0,0.027158938833346455,23.12952063302313,0.9602281428086288,0.553010932417453,4
8.0,592.0,0.028529501409923358,23.221096150168933,0.9239253852361424,0.42268529997029014,1
8.0,552.0,0.02661880135897307,53.44248361673893,0.8837504058152372,0.3359175711154721,0
16.0,0.0,0.027452022529050317,30.075381652326918,0.9104964413713215,0.36436521186679693,4
7.0,991.0,0.03705882352941176,38.18491958314466,0.891980499341493,0.32618474829572475,0
14.0,3479.0,0.02725786541220432,38.09786426699399,0.8917659675056462,0.33816357532170777,3
16.0,551.0,0.029800608552760895,41.27616345787306,0.8840171228780198,0.36644249378879457,1
16.0,2152.0,0.027998250937471016,55.23559502899013,0.8945862621691503,0.3258573850280211,4
13.0,3274.0,0.03044700621071524,92.15555176657713,0.7632012527394963,0.24330502678550342,0
14.0,512.0,0.030822493230226986,31.01622694497142,0.8991441879082275,0.35704934880428946,2
19.0,2844.0,0.027698363698568186,47.24383815194582,0.9057077962592877,0.32433013151456636,2
18.0,623.0,0.03234480459210799,36.358150565438436,0.8688111321471785,0.3626590003913087,0
21.0,943.0,0.026293563852249298,42.18316179274758,0.8805623194835871,0.3517299535908299,0
19.0,836.0,0.033961012570713184,63.25690039289934,0.8170379363044635,0.2631385242549288,0
16.0,1866.0,0.028528288038365306,43.674763676157795,0.8701323400884615,0.355433387494966,0
10.0,1389.0,0.03339518293671524,38.52368148769148,0.8758069829179118,0.3557467759328622,0
23.0,2756.0,0.030363887678884257,61.856697304610705,0.8604900208065409,0.3348069782567999,4
14.0,889.0,0.030647314617027768,43.20748186149132,0.8541240112531218,0.3257802400855719,4
12.0,752.0,0.02719600784008096,23.5951935260976,0.9467637796666493,0.5279705481132737,2
20.0,2160.0,0.03467743814813376,54.55739556535847,0.8492236827049229,0.3288909087316655,0
17.0,789.0,0.02535490814553214,58.89997318648539,0.8352370540295527,0.30971222858444986,0
16.0,2590.0,0.0315289148029017,60.79431931737477,0.8561115708027031,0.31323047114348324,0
15.0,651.0,0.028996186362620868,36.66740398440754,0.8966769538056458,0.3873685533224307,2
11.0,2631.0,0.0352280309451247,43.699992919073395,0.8693513374825996,0.37478946784202344,0
11.0,2647.0,0.03086672375715509,26.7971429017607,0.8875190481297636,0.3356321550463446,2
13.0,1476.0,0.04754780705070734,59.9708501466458,0.8284410678424172,0.27545920826082404,0
13.0,2946.0,0.037105473805480536,77.9369709445019,0.8043213040485757,0.24511980317095108,0
6.0,4481.0,0.039246331367545476,43.003765473094774,0.873367207574385,0.29470793398585804,0
12.0,2321.0,0.029639149255839436,40.531390695354055,0.8791979156687788,0.3777351716429055,0
18.0,1174.0,0.03487047570870174,65.65706416199363,0.820266466546145,0.28599657203588763,0
8.0,163.0,0.02580739563954096,61.638505987534096,0.8937061809591669,0.32903731706493256,0
13.0,86.0,0.028216448252394995,29.068155608921927,0.9127535153099255,0.4043550403143837,2
17.0,1083.0,0.028502198830961428,33.667960916818274,0.8937411143274765,0.3946636934220202,4
18.0,594.0,0.030029415050080055,49.911148133733334,0.8632404979450506,0.3448401800225187,0
18.0,2269.0,0.029884079755613947,44.70045637653322,0.8531615837855371,0.31524870915620856,3
19.0,256.0,0.026011683936719116,27.297270274836556,0.9186000030500561,0.38507059062946997,1
12.0,3128.0,0.028937359170797657,33.3779956327939,0.8753627902309065,0.3425549851797989,3
15.0,1754.0,0.025732784036247403,32.75653734567333,0.8902086619704512,0.33033546788268564,2
9.0,745.0,0.03337372286795614,55.40875655181785,0.8273561625218289,0.29702537816759295,0
19.0,2509.0,0.030632349650697364,49.446417585202774,0.8541711206348508,0.3324038733414505,0
14.0,371.0,0.030917614426414237,31.750841191733464,0.880141108836874,0.3398936892728272,4
16.0,637.0,0.04026349649392212,57.03230670990025,0.842083966722063,0.3079149503670368,0
18.0,2123.0,0.029558330819031392,39.12258973319108,0.8790388838228094,0.33390407308620745,2
18.0,301.0,0.027978305956125063,30.8200486945858,0.9012074114045509,0.3732309402419673,4
15.0,1777.0,0.041456484285064016,58.48798503009099,0.8404386622141409,0.3093361183379953,0
9.0,3449.0,0.028117218416579534,50.89769315320367,0.8596972106066822,0.3251233028294306,3
10.0,44.0,0.02943720785291368,28.85886851146952,0.8916506175281842,0.34545209107029895,0
16.0,1255.0,0.025456396546230307,29.111445553603033,0.9178959997057531,0.37936335920324427,4
13.0,1202.0,0.041571375933408684,62.909943471702476,0.8339674927505528,0.29643044767655724,0
11.0,482.0,0.0263632368907972,38.47585252213682,0.9144128267633551,0.39063158267174014,1
16.0,770.0,0.03620018717522684,83.32463918183463,0.8105325655585174,0.2341858807234577,0
14.0,1384.0,0.030333961267744403,43.09135641405855,0.8641351318394679,0.29582108340565305,4
22.0,3093.0,0.02976005015760268,50.12639189508614,0.8610324554456413,0.2797753569529836,2
12.0,0.0,0.02739395119348285,31.521697698394295,0.8898722973142763,0.3831697471923139,0
18.0,2027.0,0.040042953187251,70.845812312178,0.8071800909483529,0.26383130501340624,0
13.0,4308.0,0.027221361146834253,46.29020567596498,0.8925706228574232,0.34068612799300535,2
22.0,4225.0,0.02595821527539932,50.400344087091305,0.8293206713063304,0.2628165020896647,4
21.0,924.0,0.02843251682531983,43.268612907800666,0.9005369910114069,0.37074386985332386,2
14.0,1801.0,0.05341528737312625,101.81936948019252,0.7624175238024411,0.20310546786133035,2
10.0,414.0,0.027970599427209548,29.145102083608915,0.8944223481919024,0.3146556280582911,4
20.0,339.0,0.027602265840523214,34.181244904855475,0.9152278010271915,0.42621918030305755,1
6.0,213.0,0.029498370620809677,45.54521934162773,0.8567714267860085,0.3317761018079665,0
14.0,2888.0,0.03165164655989937,43.42152736522505,0.8836947335313907,0.35012570495692885,2
7.0,3400.0,0.03729927425848963,62.071790501457826,0.8142327112897404,0.25612401151578407,0
8.0,6839.0,0.04172267513922106,94.85123566068413,0.7969779965457026,0.233638043332783,3
9.0,81.0,0.02744545678404334,38.34886778547026,0.9350058760040567,0.4882849235375637,1
16.0,1151.0,0.03456011304257387,61.92455154120779,0.8497893538179613,0.31312761354679985,0
11.0,6177.0,0.02785581250970045,54.14611984988801,0.8483031789463611,0.2578638156628941,2
11.0,2709.0,0.02693974440365453,50.36676475407281,0.8799951663148136,0.3723000043459398,1
20.0,807.0,0.03504364706541149,50.54199021759955,0.8519178240065501,0.3328004022230729,0
11.0,0.0,0.03351470195924667,185.35105019387515,0.6735990093851882,0.17010384508923543,0
13.0,534.0,0.03239668342973261,61.2856925427101,0.8221811688147004,0.2864797106609963,0
12.0,0.0,0.048827292874251284,194.52633735158906,0.67534625621741,0.16989516324621967,0
16.0,1601.0,0.02507716049382716,33.266593569081195,0.9076653548214555,0.3905935851788565,2
23.0,1828.0,0.03351529838788084,42.78979444193989,0.8258031549210618,0.24870120043659966,3
6.0,552.0,0.03274567987432361,59.321093724130805,0.8300506571879359,0.29984485305478725,0
14.0,586.0,0.048298478576420625,164.18971750997133,0.7018546338659222,0.17042744722228215,0
13.0,83.0,0.05821787280642893,309.3165347394604,0.6363429131083631,0.14045195517755504,0
14.0,1591.0,0.03254783916364697,66.029425440874,0.8084926158421386,0.2817148365824956,0
18.0,1023.0,0.02584758682703344,48.70466531552735,0.8804538027929811,0.31488309026591105,4
17.0,1273.0,0.04218551066670807,62.48831053821672,0.8274228173609524,0.2751673263333702,0
15.0,2106.0,0.027352656327291818,53.708699021419775,0.9134547006901141,0.35880481721346014,4
8.0,5825.0,0.02774394159334052,36.82314147976976,0.8794109959927946,0.30803711928718325,2
14.0,1491.0,0.03279540332666711,56.87121713482867,0.8396584130711222,0.29978572468865916,1
8.0,2786.0,0.029302584032853615,56.22135357699123,0.8405505534471172,0.3010248456784078,2
19.0,505.0,0.02853465088559501,36.74512703988336,0.9076487401752051,0.37069178383037427,1
15.0,563.0,0.028638467073594364,41.51894907058662,0.8850000472447467,0.36168064471769384,0
18.0,1842.0,0.026886016451233844,51.010480035585275,0.8806198513093266,0.3166782239108135,2
6.0,283.0,0.03376790627273563,67.74955258685273,0.866465752144858,0.3380465752049628,0
22.0,1456.0,0.028477728830151736,37.8685883988052,0.8810047995074048,0.29751066406627674,0
10.0,0.0,0.03315171256539335,55.78928531211726,0.8739667796830746,0.3068672776551136,1
16.0,1304.0,0.03336609374637249,47.23989633252779,0.8845776286793796,0.358047165581884,0
15.0,95.0,0.026242305401111995,33.369306738603,0.9109674819180735,0.4319421099936158,0
5.0,789.0,0.027704884941461446,24.351992113629777,0.9198174756524197,0.4108784321094806,2
20.0,797.0,0.030175975945129496,50.97536424840569,0.8442732714479723,0.31398215865489953,0
10.0,3859.0,0.035648692810457516,39.26119743543974,0.8909713529944301,0.3343756810281017,0
4.0,504.0,0.0315045593252703,55.223761499795984,0.8482178138155598,0.3248821335422723,0
12.0,2506.0,0.046928533880528644,72.12358004549519,0.874784510318231,0.3075840523210377,0
17.0,604.0,0.02750372423104988,37.80923777406056,0.8744319583120336,0.3055537349957732,1
11.0,344.0,0.030284624236626038,37.58159081177491,0.9016847363910268,0.37529134698921807,2
22.0,2858.0,0.02578227308194482,39.97426161466175,0.8883135177559367,0.2900485481815378,3
11.0,1613.0,0.02686195984616782,39.091558444315666,0.8873280844747043,0.3841948199512936,2
8.0,2499.0,0.042565610060754294,51.34350978347348,0.8709763565050367,0.3288279591434831,0
13.0,1881.0,0.028543192339218103,50.037897931617415,0.8708454981641691,0.32561898839456616,0
12.0,3723.0,0.028237973021020133,48.540210185009244,0.856978595961969,0.29701071873827334,3
11.0,656.0,0.027607323720306293,69.90364831301697,0.8054224888908833,0.27128540972697973,0
16.0,3490.0,0.0270446520900681,49.37694864334779,0.8701866028200455,0.3708997678739451,0
13.0,1250.0,0.04401666243933257,95.77235151874177,0.7657748855228581,0.22224841847956556,0
15.0,961.0,0.028440010566717945,41.0880103814406,0.8747417545968048,0.3555789999574448,0
21.0,0.0,0.028236857730434543,31.446064208947526,0.9113966775552389,0.4164038560876472,4
19.0,2077.0,0.03356653404711004,39.30479596033406,0.8795799164385364,0.36313930270467637,2
14.0,660.0,0.03213073552156728,48.55557757986332,0.8284709907469789,0.2989480673174163,0
19.0,706.0,0.030252917140239033,48.09520822208445,0.8642502284892764,0.3478787474777448,1
20.0,1565.0,0.026680372780433875,27.435322142994618,0.9211934862041538,0.430551661531545,2
16.0,487.0,0.029651583393619754,53.03056412540924,0.8288118253959497,0.3125779361158658,0
15.0,1452.0,0.0378373340995752,53.040827360364375,0.8523818959889149,0.31758493206766286,0
16.0,0.0,0.027645948377763272,18.440527473959317,0.947474216480395,0.5531114333191192,0
17.0,3891.0,0.03177017552777593,37.984590207071705,0.8811145516274581,0.3458992993898975,2
19.0,504.0,0.02919346396904999,47.586489468726455,0.869551409762348,0.3322634768029089,0
16.0,2152.0,0.03630549694372539,57.62543101011827,0.84733504632611,0.2915786560229583,0
15.0,4119.0,0.025623301336936202,52.41557971316073,0.8632574646017503,0.3018270122367439,2
20.0,885.0,0.033775423009934954,58.33888296003634,0.840330071389685,0.3197403748211629,0
28.0,71.0,0.02687958073922295,50.87668115074605,0.897929674605169,0.32876541973533235,3
20.0,562.0,0.028044828759152835,31.957497448107013,0.9047160595380562,0.33909198428397086,0
22.0,2292.0,0.03509036589595286,50.53197340400398,0.8618301587771169,0.3307692036971859,0
12.0,1832.0,0.028259103147513173,44.71368441766078,0.8611766480270031,0.3299073817235634,0
20.0,479.0,0.025876408001359107,44.85130310138532,0.9079241316367365,0.3347674605525414,2
17.0,1071.0,0.025516119884122068,35.3924317146584,0.9166160828318103,0.36223659292523,0
17.0,1136.0,0.030939148841441742,47.91814248537025,0.8752469370957483,0.38434954595626736,1
19.0,1355.0,0.03160110219309175,49.507906876269075,0.8381364766068985,0.30408490083637063,0
19.0,68.0,0.027198916486319922,40.46352902112604,0.8938070835850056,0.31925389273482097,0
8.0,1163.0,0.03042103004934219,40.87168300489701,0.8537767866638072,0.29442782751337643,0
17.0,121.0,0.027322854732049998,31.527387763940986,0.9272359941070292,0.4031315811613582,2
19.0,289.0,0.0298289509001053,39.44699856461968,0.8518081244383583,0.2956792864248381,2
13.0,800.0,0.03474308591066525,43.68006089879968,0.8822192257250586,0.36863474554901343,0
16.0,347.0,0.026779617367145705,36.40335329248139,0.9263931863860153,0.37828574202243226,1
22.0,425.0,0.02816522015526428,31.334037990147877,0.9087268999322446,0.36044032526729336,0
7.0,1794.0,0.02652641694776673,28.925567113138488,0.9215993255715639,0.4234032281934741,2
20.0,435.0,0.02772322526229299,39.62497032824079,0.8811165433691905,0.3611795200937018,0
16.0,112.0,0.026523989906336858,33.44092763957043,0.8932980395343633,0.3607267217977928,2
12.0,1813.0,0.032299778677733974,60.60762146236899,0.8549644139426014,0.35088598751510025,0
16.0,1263.0,0.03165872395441835,57.26406421902856,0.8254873467132404,0.22773636649791293,3
5.0,1594.0,0.0327588587660523,33.90299505220198,0.8720577667591014,0.3211833982122404,2
14.0,4278.0,0.031064466137675946,43.240771054588876,0.8720773717992811,0.3463883059947447,2
8.0,1890.0,0.05017474443421781,53.595589266096425,0.8664047028950025,0.285827555300717,0
8.0,0.0,0.02637047174771136,101.81128674818939,0.8917573560370676,0.3089350046673119,0
10.0,1163.0,0.02791745594963307,38.55369066286576,0.9059808910401245,0.41049290036801556,1
10.0,1980.0,0.026742719381636748,40.968162937880834,0.8798108291590426,0.3771373528565698,0
7.0,0.0,0.02948303496728424,8.166331500822473,0.9553157800772565,0.593267917698072,2
11.0,2254.0,0.03911302166625482,55.6085887610646,0.8480034416443456,0.32160180065048655,0
14.0,1384.0,0.028001577654672906,31.995686505056028,0.9215666145838435,0.39315271129843793,0
15.0,1597.0,0.034021531000004664,64.25098744160246,0.8268268071252404,0.2753174307215752,2
10.0,1421.0,0.029028793093831697,21.080799308015013,0.8876176250136464,0.3081538895178999,2
16.0,1078.0,0.030827085194825375,47.30785670824612,0.864816305119144,0.34505872020671313,0
15.0,483.0,0.02999645638671099,33.47310087016139,0.9318838859833927,0.4574589789765456,0
9.0,1417.0,0.0379137278286607,53.41076919439061,0.8526160812979048,0.3239188089931589,0
19.0,1771.0,0.031211410944031015,57.323093922766674,0.8352213134103839,0.28242300426359185,0
21.0,425.0,0.03241316961106673,57.06295548651393,0.8814157490694886,0.31435625394733563,0
12.0,758.0,0.028477881686710685,46.62142693629919,0.8514114973208042,0.3141790565848338,0
6.0,859.0,0.03461721162219935,35.907071875693696,0.8627517754080352,0.2885441812083991,4
14.0,2548.0,0.030494098509861636,52.547471705873335,0.8644743223304558,0.3744722318355681,2
7.0,297.0,0.05040274544063737,110.01595500273986,0.8178402622360357,0.29276393165118764,0
17.0,1044.0,0.030844843657317177,26.508815390766614,0.8913453214697562,0.3371833528001553,3
7.0,360.0,0.03189422084407688,71.90653313456232,0.8807343086948334,0.32128942047993336,0
17.0,53.0,0.02778289510682074,33.900944611361595,0.8890728364414513,0.3326003964189148,4
9.0,1017.0,0.02995414151545875,41.16321454207326,0.8672129104159612,0.3433676375960897,2
17.0,1246.0,0.02872646224335852,42.93184695144729,0.8770185897525629,0.3732020730196911,0
11.0,1817.0,0.029377555050230913,21.315045753458445,0.895007124792683,0.3211027005044843,4
11.0,1956.0,0.03191235963192265,40.10103034420047,0.863717093759661,0.31783472511860916,1
5.0,2274.0,0.029092056895225194,66.26661332132167,0.8055130619015334,0.25111999890958553,2
14.0,3414.0,0.026979003398562983,46.00319157949964,0.8997004160113717,0.33889167342507226,2
17.0,352.0,0.02757360429724555,40.69580409408653,0.9109410645326838,0.3833688353098351,2
15.0,636.0,0.02754308193641194,43.10023424956902,0.9204888299131246,0.3779695565723091,2
17.0,1925.0,0.028431238459960335,35.50426258905275,0.8978004186060654,0.38549299786474883,0
7.0,5901.0,0.02585847378558668,37.516822503430895,0.8840851417688691,0.3523374306131528,2
14.0,0.0,0.031016172718631857,92.153398304738,0.7350618549422488,0.21557426164383447,0
9.0,81.0,0.02744545678404334,38.34886778547026,0.9350058760040567,0.4882849235375637,1
13.0,1032.0,0.030061783563240723,36.85372272321466,0.8894950988453868,0.39127675295990866,0
17.0,5372.0,0.027434980304381344,56.89439890709143,0.8414162782074044,0.27216554258937237,4
21.0,2389.0,0.03225500692244223,54.92330139384007,0.8429500436863624,0.3291355771506576,0
16.0,2511.0,0.028386796748597613,63.18770915201551,0.8568500498466234,0.30271469539617213,2
17.0,1113.0,0.03325592263983096,40.77385326542446,0.8601120876192574,0.34571880153547846,0
18.0,665.0,0.028625484556216396,28.356234042555784,0.9277838789940724,0.4387788093062818,4
25.0,1225.0,0.027843117301949487,24.21752646451342,0.9514474379882806,0.5305750243837444,1
20.0,1408.0,0.027519917056885255,50.24405521079944,0.8496095036386001,0.31573403934527405,0
13.0,1882.0,0.040855631291978965,89.80771425687757,0.7720264678042589,0.22585257695880864,0
18.0,2522.0,0.03226974704491302,50.35848854308028,0.8491485523725664,0.3069231891085507,0
14.0,2139.0,0.029508059295550972,42.09395872801379,0.8803965555288704,0.35375758893309933,0
12.0,21.0,0.02825740021098378,31.022148045963572,0.8935326893154468,0.40353520519754216,3
14.0,2340.0,0.025441119942465312,45.70756017806847,0.8768536263618479,0.3640832318086138,0
9.0,1054.0,0.030613932286985845,32.81123245064218,0.8850509373468589,0.31140120732254645,0
13.0,634.0,0.02948631527493624,30.23409236864235,0.9100065879134455,0.4529544138194763,0
18.0,973.0,0.03144905941516111,49.685713392108475,0.8534251510808363,0.32711463309397326,0
20.0,1300.0,0.03152955730866546,54.599263155735734,0.8467788031815813,0.32287563053451684,0
18.0,1384.0,0.027466073623955586,34.89010031006712,0.9213010788132534,0.3661109582478581,1
14.0,1724.0,0.027362608164654224,47.10871310423849,0.8629905431631595,0.3345691283446709,1
20.0,1591.0,0.025988640932070664,36.04953023186771,0.8932494384145281,0.39473695955868904,0
15.0,29.0,0.02745539679000495,36.812791276239224,0.9003759443679327,0.3364763461330281,4
13.0,4471.0,0.0286177046740427,51.88046683155782,0.8180306726195582,0.22440835560990896,3
18.0,2627.0,0.04100514073106308,71.37631271524349,0.785552108639227,0.19673652890453985,3
12.0,1565.0,0.03549004141195031,50.97384531320835,0.8611274017823065,0.3446078771122049,0
6.0,4161.0,0.03129113974548211,67.9739810552185,0.8155976142417203,0.24337081457709228,0
16.0,6528.0,0.03156859800288495,42.940506386638134,0.8769043526158319,0.2712893648450451,2
7.0,333.0,0.02761994551938308,22.435808829752553,0.9206878030930905,0.4210071636994718,0
17.0,1256.0,0.029097521811106038,44.905068626728905,0.8744523347663012,0.3473075696571988,0
10.0,8334.0,0.0292480163956312,28.51817888678424,0.8876703022210234,0.3312884573610835,2
12.0,4066.0,0.026513406386622577,54.106242712284114,0.8486323170516351,0.2928896672466706,2
18.0,2036.0,0.035634847728872994,53.76517639984863,0.8376738868526461,0.29819286198357975,0
16.0,1462.0,0.026554810114808657,42.75827409540463,0.8784217161405832,0.3406548837335786,4
16.0,3167.0,0.027955704816268984,35.67777396582647,0.9000383218843298,0.4164479478178473,1
17.0,3441.0,0.029331071685683573,38.76067656718781,0.8829463215527636,0.3357980735313616,2
11.0,431.0,0.028945192324101757,36.04584311237857,0.8945783262993632,0.38996416619237856,0
15.0,2852.0,0.02857169514402473,54.37000820876865,0.8425711397254717,0.30576762730789336,0
9.0,1407.0,0.02695208906923583,35.68611621287182,0.9225105742353444,0.38040959162547194,2
16.0,1129.0,0.029212273461331418,23.19472296798277,0.9175877155139858,0.40356247920046107,0
13.0,253.0,0.02657706767646591,22.719904217592862,0.9391793477127187,0.45133422034495685,4
13.0,1142.0,0.03242149809038927,39.46367915185377,0.8927246978171972,0.3797691607266376,0
17.0,329.0,0.02729613902649996,41.07210336629183,0.8838846497677866,0.3463916394524469,4
14.0,1933.0,0.028151836490938244,35.90028565468551,0.8819771194233141,0.3014897896251997,4
20.0,1216.0,0.028108235109840625,26.063605580935622,0.9241029525499612,0.433253557341536,1
22.0,1439.0,0.03156213289907949,54.16341686770458,0.8490680204279876,0.3283358461623997,0
14.0,656.0,0.029679082115853374,38.440491809135494,0.8956672090908568,0.40186136580977244,0
17.0,309.0,0.03425610318652659,52.915551606547396,0.8838814749280755,0.3154975481743823,0
20.0,1270.0,0.029480313591284783,36.95920121569202,0.8929495422682086,0.4036643199717738,0
15.0,3908.0,0.034124691398356305,67.56355082203397,0.806387016514286,0.2439371166996265,2
18.0,657.0,0.031798929160282215,43.041146689035294,0.8821984754535789,0.3724476154525381,2
10.0,1141.0,0.02997629154303724,23.33723676211168,0.9153550118015714,0.328358460608681,2
20.0,1511.0,0.029104544237121686,45.38967239104099,0.8631231237945513,0.3100988293837589,2
15.0,2276.0,0.02723123574940671,36.20962703670435,0.8869520473733212,0.3962745721685409,3
9.0,6016.0,0.02564037256615322,69.3503719421473,0.812325360706879,0.22969241369325233,4
13.0,240.0,0.027580964790835303,32.88966307161247,0.8955115841253234,0.35605984435155746,2
9.0,1612.0,0.026489578562640875,50.32439402397962,0.9093640685558535,0.3417249885513282,0
7.0,543.0,0.02712220696124083,45.248351681862786,0.8949838605224902,0.38112051592258217,0
17.0,412.0,0.028106146377778123,30.642629090033658,0.9131949912891887,0.44207032911104377,0
9.0,3793.0,0.031232825086757846,48.105199631554655,0.8596403337436171,0.3110190782532689,2
12.0,149.0,0.026650292229911436,35.95457123112635,0.9114159573354303,0.3765588710684148,0
16.0,257.0,0.02791310253320091,38.679689829353585,0.8841866949824466,0.32723641236201795,4
9.0,5578.0,0.037167928744336165,108.04133588055772,0.7923129210752409,0.22937276208966317,3
20.0,2787.0,0.027828701042459644,33.079917654002614,0.8821361956707998,0.33058625347976706,4
11.0,93.0,0.02714695851183809,38.942842810199664,0.9078283612820054,0.38074473715088997,2
22.0,1885.0,0.027818127692235958,39.01632217797243,0.8816647805256284,0.34010352609177796,0
13.0,51.0,0.025411962242624504,39.93489592318347,0.9190055619257457,0.34512458089885195,0
14.0,2452.0,0.026447341176617113,50.50012139869048,0.8583579595650952,0.3409254764935009,0
22.0,2112.0,0.0271178220574058,44.63160696302195,0.8715842548872479,0.32505185781195495,2
19.0,1959.0,0.02774531305050994,42.04451408873143,0.8759564771801194,0.3533018649970283,0
18.0,908.0,0.029193396350941925,48.98388652703582,0.8610757927927291,0.3404809664913284,0
16.0,2727.0,0.02907045101820063,36.61810323996603,0.8682732125071737,0.3158638132780234,1
19.0,5729.0,0.025760433974225994,33.44458644179623,0.8932782656766569,0.35883009501910057,2
17.0,3552.0,0.027921106676483124,34.40921483866492,0.9121196519839873,0.43783061881674035,0
16.0,509.0,0.04156041805786343,65.64801498876012,0.8272671978391051,0.2910522273774443,0
18.0,2036.0,0.03003767705734113,38.448810131615645,0.8895663874311044,0.38699553779874946,0
8.0,0.0,0.0287051143706901,18.2572041545728,0.9267992747668901,0.45913266283876153,0
13.0,1477.0,0.026651616634638706,53.20108845599948,0.848376523220964,0.3285143482497894,0
3.0,439.0,0.02867426819884387,35.317573960522395,0.8689251903143456,0.2730820215058716,4
15.0,0.0,0.030630338549784898,40.97216979627643,0.8542728708849541,0.32811733467586246,1
5.0,588.0,0.0310357226477573,62.103254058092126,0.8713610831304751,0.37522466562849754,0
11.0,1522.0,0.05505210131793947,71.6962727881668,0.834558157451671,0.25119890524002475,0
20.0,2062.0,0.031178892663159544,35.76140654748076,0.8962618487461431,0.41638888685606223,0
16.0,1671.0,0.0354721348143332,54.180439801125495,0.8515250358227182,0.30761558085046947,0
6.0,4509.0,0.03411363398347305,73.55542703438837,0.8039480003401508,0.24751699655225817,0
14.0,790.0,0.03346622834627311,52.1541718680833,0.8395592589019247,0.3069506950652271,0
18.0,1679.0,0.02790648487958107,28.627267507050526,0.9267683739461183,0.4471889452246081,1
15.0,95.0,0.028074375331546948,27.56075911098334,0.9013661576170657,0.34672152070624157,2
0.0,0.0,0.025954939118044043,152.3399716550839,0.7384967748989911,0.2277432720088153,0
14.0,390.0,0.03383696162316329,29.76004296645477,0.8755962747362411,0.3300360959574043,2
15.0,1920.0,0.03962232495712475,61.00101225393174,0.8371097121173828,0.3131519539033131,0
13.0,1372.0,0.03608710939080056,65.18030291804668,0.8168521429248305,0.28560274733030044,0
13.0,444.0,0.04318944109520026,63.4613409642314,0.8203593110205403,0.26333543252460573,0
12.0,2172.0,0.0273002461646577,34.72318542878556,0.9087129633309566,0.32874817662956934,2
22.0,1914.0,0.03877060839959891,60.481750600644126,0.8289184657597476,0.2927543190695735,0
18.0,2230.0,0.029640602583892815,41.668628787133144,0.8705625023562812,0.3126509610783904,4
16.0,215.0,0.029812275685429466,25.250615782370705,0.886653664443551,0.3589700396485769,2
17.0,3574.0,0.02757381083333806,40.33021457921649,0.897309796623111,0.34713048754536496,2
16.0,232.0,0.033646119159731556,81.51216376457234,0.8098514851538351,0.2518753797222715,1
11.0,2632.0,0.03037115282179067,32.073829675975105,0.8777528161053983,0.33475509062011444,2
16.0,1953.0,0.026503094537899938,34.85559562981612,0.9011034424231295,0.4151997218612655,0
16.0,990.0,0.03310252408106411,35.221959277968175,0.8937455162772394,0.38164932097427,0
17.0,3061.0,0.030371910995098422,43.770048647000124,0.8352247048919982,0.25953251232154334,3
9.0,1678.0,0.02662351221549384,35.11898691260524,0.9229728556807885,0.41160088384219706,1
14.0,1684.0,0.026967890414022186,44.96462892217451,0.869476454404385,0.34351080611882373,0
21.0,217.0,0.026896292639612032,52.90532603888211,0.8585031485125797,0.30504409716636594,0
16.0,5786.0,0.025697454139689567,63.247590443534634,0.817834427010681,0.21907661494766942,3
13.0,0.0,0.032833069329968406,54.428516477297876,0.802184662641528,0.27347757358227975,0
6.0,2705.0,0.02659863028561471,39.758963102013155,0.8429258097234117,0.27575384289806587,3
13.0,1996.0,0.02764760195815404,17.08116789971636,0.9499024569340648,0.5765735849127137,2
20.0,540.0,0.030872146200613355,38.58731216451114,0.8617265509586634,0.2653366854799809,0
4.0,867.0,0.02977303238272085,76.92323499101084,0.8628264106968776,0.36006551649602225,0
18.0,1210.0,0.02820790208773998,29.86994851707233,0.911258045633478,0.39487993699716956,1
11.0,646.0,0.02745145953793577,39.69151720613146,0.894140135755768,0.3431598533417114,0
19.0,2452.0,0.029989053081744196,54.87465244177311,0.8544463414504788,0.31563408277904575,2
15.0,3141.0,0.029370325242700997,53.763060348209734,0.8854093665674674,0.31684718445578425,0
3.0,0.0,0.027299091110379054,16.56320691179523,0.9448536407848763,0.5325882430066111,0
10.0,1868.0,0.034787274960606476,51.12521872352923,0.8616373555331979,0.3355942113466628,0
19.0,2889.0,0.03503481252224846,56.120820627286164,0.8447383010136578,0.3148311004348753,0
7.0,355.0,0.02705893961320879,94.67370715619424,0.7576047927102036,0.21180864607767655,3
9.0,590.0,0.02750173509466444,31.599284918124532,0.9089357686655406,0.44144545096953325,2
18.0,1952.0,0.028978060438015648,36.320146374657945,0.9070887730047645,0.38444033238931186,2
7.0,1939.0,0.04148878944296293,44.46758886815099,0.8840578141997165,0.31313406208245403,0
16.0,588.0,0.0313214463220676,42.7254342230769,0.876079582216296,0.3579846606462648,0
9.0,790.0,0.027788694312572703,46.57946541314862,0.8962434217845059,0.37595851409604497,1
16.0,2273.0,0.03208910725044566,53.95536920981371,0.8557392924754003,0.30970145691766254,1
16.0,586.0,0.03216353868694621,47.93289594739811,0.8657458002275571,0.35766687407784287,0
7.0,1807.0,0.032733660130718954,42.41821864354991,0.8752657576053997,0.24534752645614977,2
10.0,2301.0,0.045149543497070205,49.41762906481772,0.8754132256187407,0.3094305540142709,0
11.0,167.0,0.02726292363554116,34.849475427348835,0.9090842515196957,0.37965314785551224,4
19.0,311.0,0.02789439921965888,55.22729779220108,0.8373805742765874,0.3010780128590268,1
17.0,3023.0,0.027656595974049642,38.69978741388562,0.9013832098905505,0.37387694458851467,2
15.0,4461.0,0.02715169304958591,39.981829014332234,0.8712518909351135,0.30588907344997684,2
16.0,2148.0,0.044076877841147756,64.14800584965602,0.83010927159312,0.2943581150104192,0
25.0,29.0,0.027204311615004147,37.06061975438151,0.8782017786162856,0.34033998087526135,0
12.0,2947.0,0.028295791079601545,57.959443495696554,0.8592796848059643,0.31535181601603224,0
19.0,1342.0,0.03836542107782495,64.91323613608435,0.8219576738125256,0.29079217357262876,0
17.0,2663.0,0.028379360916740204,44.454328687858755,0.8706665952908588,0.35181624615784823,0
23.0,1286.0,0.048335138610987115,127.06908849582457,0.7251425808768608,0.1847592753363086,0
12.0,3953.0,0.03368066204392848,66.91899330448237,0.8113953830011424,0.24085570808944914,0
19.0,298.0,0.02709684221624756,26.760356055071846,0.9343235389411658,0.5080792544206696,0
8.0,2426.0,0.0548785647033832,76.31084942870932,0.8125849100405531,0.24239040795414865,0
23.0,1180.0,0.026422872261889996,43.88890275327557,0.8908854504211446,0.2855460903125402,4
11.0,6082.0,0.033222398063675294,48.59617782295671,0.8614374839671572,0.2711899515079951,2
22.0,1783.0,0.03132484430829677,41.290536306909104,0.8733971027677212,0.36670455549462866,0
15.0,314.0,0.027819738648575263,25.80147334654304,0.8996208775116901,0.35307778922991423,2
12.0,2669.0,0.031534774981190825,41.24285412543037,0.8692769581895066,0.3553121720464612,0
8.0,764.0,0.02744018747615674,32.43361018092066,0.9159599803893403,0.453163314171052,1
8.0,3385.0,0.0452218044197396,53.349658238566875,0.8579907172513539,0.2998361007215174,0
13.0,117.0,0.02677791686638032,30.58844993326246,0.9203136570314917,0.4346299125240586,0
16.0,1285.0,0.028856989353675592,35.60680700631343,0.8855992210353739,0.3235158161588811,2
10.0,1115.0,0.026041444301699614,26.01215610000384,0.9245738440378688,0.41432041833179456,2
21.0,757.0,0.03310376370767132,56.34377749156208,0.8410589302988761,0.30347257491587815,0
15.0,1550.0,0.03957868899573563,62.485683813980515,0.8319791051744434,0.27029664614478244,2
12.0,645.0,0.02943699327779951,52.83499091860739,0.8928907870405913,0.3180912164135299,0
14.0,1037.0,0.028390891789068517,27.291665321356255,0.9180325134168765,0.43692233007224957,2
14.0,1331.0,0.04375751646612371,101.38400561755824,0.7598745904471506,0.2208012670965982,0
12.0,2808.0,0.03057114251787003,37.56284291587062,0.8817276271554186,0.36036399992610313,0
9.0,2504.0,0.03443581064632064,44.73416005309501,0.8470951549924273,0.30269992945641977,0
17.0,1600.0,0.02654175502432666,42.431658568681215,0.9170190320006487,0.3887570194168965,1
7.0,5562.0,0.028084254722486594,38.89098092637347,0.8971926996803588,0.39080028272414247,1
13.0,1360.0,0.03146500023689769,50.09363798604247,0.8268928363411128,0.2715136583721365,0
19.0,478.0,0.031095759019138122,34.91699434510279,0.8930342065424511,0.39611147100823363,0
10.0,2396.0,0.031761863322752694,56.623300701232004,0.8183831970477914,0.26055885231623227,0
16.0,1142.0,0.03454999401846043,39.23136052439714,0.8847765719568907,0.3708459012446477,0
16.0,43.0,0.02876597162787527,23.46407451731497,0.9183619206509588,0.40358728527048415,4
9.0,5413.0,0.025445727034629936,29.554838036072372,0.9105045990868265,0.3636447567528952,2
16.0,1844.0,0.02896178088702638,32.500033293289434,0.9059113496205057,0.4197309408490548,0
14.0,3744.0,0.029851989880167854,44.1152066212761,0.8931531621754519,0.3563767796218104,2
7.0,6484.0,0.028116066512915303,44.150988077678335,0.8983828539136902,0.4034792017870238,2
20.0,862.0,0.0334250243465268,39.01729023262959,0.8829945186615659,0.37708458159986225,0
16.0,1285.0,0.028856989353675592,35.60680700631343,0.8855992210353739,0.3235158161588811,2
17.0,2666.0,0.025678309385509017,48.519272201373965,0.8596354576742631,0.2960375505205622,4
13.0,3210.0,0.027926386463183375,55.4133667178584,0.8472547987270547,0.27492058397082975,4
13.0,5234.0,0.030992965101385304,45.944141936458074,0.8825327755312227,0.36697602922869843,2
6.0,7083.0,0.027882863399998827,59.61852522530381,0.8352919124395436,0.2535504388155613,4
6.0,1749.0,0.03274272338876646,32.04280055052369,0.8897383802587125,0.3867304681842817,0
7.0,441.0,0.028832245580154417,30.792393419557545,0.9057004709741803,0.37297944615761325,2
6.0,1241.0,0.030322030497592297,108.23688403658134,0.836385391646103,0.2602776325188524,0
15.0,126.0,0.02681386298758652,30.075117962689653,0.922049794547943,0.44791538627136407,0
15.0,373.0,0.03726351225450616,55.77874614069218,0.8465734123557094,0.3165527234169447,0
14.0,1849.0,0.02928145665905519,62.071759544979884,0.8413910037041596,0.25564617193829425,2
1.0,595.0,0.02950937682712098,23.189961312083682,0.9336180892427225,0.4256385783984112,1
9.0,2144.0,0.03061255024787288,55.122693938235194,0.828724789301954,0.3040055675892191,0
13.0,359.0,0.029554919186526234,37.03122172315683,0.9038667183194956,0.3765032746690431,2
13.0,1377.0,0.03276938303161603,134.00869705097944,0.7121656825541457,0.18529975176654934,3
19.0,671.0,0.030578153791671614,48.44284793279599,0.8889959290260173,0.30362417148713405,2
16.0,2511.0,0.028386796748597613,63.18770915201551,0.8568500498466234,0.30271469539617213,2
8.0,3608.0,0.041344751505179314,99.65445240398094,0.7788847304019735,0.20428825168426387,0
11.0,7545.0,0.025564357333343845,59.78158534769303,0.8461080322143134,0.2786448926922428,3
12.0,0.0,0.0278741650573337,34.11951498519216,0.9167523680606561,0.35254448965320456,2
13.0,576.0,0.029227541157189514,33.48479886091772,0.8884575811173041,0.3427608174964418,2
15.0,978.0,0.0335652560928355,58.116112918354894,0.8317962155111698,0.3054956554952241,0
22.0,167.0,0.02856979459562503,26.996808882295095,0.9020153466537326,0.41946251561230485,1
18.0,273.0,0.02616653436338301,28.661192799565068,0.9182846958967847,0.44291111523388527,0
22.0,532.0,0.02739383289072412,40.32961491486795,0.9004952297380855,0.38739563150520845,4
13.0,1073.0,0.034425114441675606,60.54683642655097,0.8323146588199865,0.29068164827187143,0
17.0,765.0,0.03119249060721865,44.782025656233316,0.8719551371500404,0.3549075142464678,2
12.0,171.0,0.027587256619574806,33.58987084695475,0.894604122565702,0.3800732693267091,0
24.0,1015.0,0.026883746922227284,34.89578560088091,0.8804023990565439,0.2986282290130025,4
18.0,2824.0,0.029576786934111657,53.908628122628336,0.8500403097565732,0.3267542307690882,0
4.0,6717.0,0.03262622503411487,44.702666946587705,0.8605064563388026,0.2872456697005814,2
18.0,95.0,0.0294952416061503,39.14700274764054,0.8860483619455469,0.30833633844664565,0
17.0,2262.0,0.03175449434002353,42.07440857651731,0.8729499925091941,0.3403274893168506,4
14.0,960.0,0.02685868093552871,41.71357590151677,0.8445469314592374,0.30414217395359,4
13.0,1996.0,0.02764760195815404,17.08116789971636,0.9499024569340648,0.5765735849127137,2
18.0,1229.0,0.027676249139101057,44.880482095333996,0.8599491242061186,0.3267356663656688,0
14.0,3135.0,0.030391116920087575,53.480592705736896,0.8501388164378121,0.3248514546857901,2
18.0,2434.0,0.027318685894149413,42.45366986123258,0.8789521536953422,0.3708790472841243,0
16.0,1251.0,0.027825935191110596,36.61116324416803,0.8799430237410991,0.3246248740994308,2
17.0,249.0,0.026556272603680455,30.256925499202346,0.9131574055230309,0.4066633292412089,0
11.0,0.0,0.037534952790222356,207.24865069408207,0.6522449024291527,0.13918062590112876,0
10.0,1186.0,0.029453267430711635,41.97394237024687,0.8880354643433546,0.3652735844026722,0
9.0,1042.0,0.04068552103359687,63.94411175416053,0.8401674410657102,0.3004748418773585,0
12.0,2895.0,0.02785858772874906,23.220032399916875,0.9518704224968548,0.5025613828511151,2
18.0,2356.0,0.02790212896832177,49.660324279944795,0.8575677580861163,0.3374406097278272,0
18.0,215.0,0.032124623405675526,50.32181376724127,0.8604149887193097,0.3587564227331386,0
17.0,3985.0,0.035017333082647185,49.29577337559848,0.8648803526110874,0.3498368282009007,0
22.0,2746.0,0.026724564717056386,45.01306695636313,0.8723032574566597,0.3555770856647035,0
5.0,1561.0,0.02653223100747231,42.4215833823297,0.895911258312486,0.38362059053830244,2
16.0,288.0,0.026164524700395857,38.452705921608654,0.865289317350872,0.3430912534948446,2
17.0,1733.0,0.03251234965219347,42.575569849539825,0.8547030324567582,0.2852084151142491,4
12.0,941.0,0.038245091763360536,59.61047492431581,0.844294317925159,0.3109040452440226,0
15.0,885.0,0.02952232692107651,37.825556213717704,0.8819828168870182,0.3783690302762338,0
19.0,613.0,0.029350556927356834,29.22958554197277,0.9013312208658584,0.36716098485556264,0
17.0,428.0,0.03231994130430052,39.89530156344166,0.8806969267793264,0.3561762374167461,0
14.0,543.0,0.030246991538419903,28.78108043046148,0.8941080957937637,0.3868043147617027,2
15.0,0.0,0.03430807248764415,78.22172093150111,0.7643760033873399,0.2288717221280538,0
19.0,2231.0,0.0317238198664115,62.36283417927496,0.8399474625417366,0.2768552273660712,3
13.0,594.0,0.027959564953902758,40.86284317637576,0.9069609868470603,0.3537463494493055,0
13.0,683.0,0.026951069222362598,42.26861893759022,0.9081405299044156,0.38637018288314195,0
17.0,4846.0,0.024941263998746965,62.31326061937683,0.8270143467029543,0.26633876944815815,2
17.0,321.0,0.0270199149697919,32.93729100929957,0.9044476906254957,0.3229280565584357,0
16.0,1169.0,0.02967186980938846,48.49228575972489,0.8732970140190626,0.31525976285916407,2
11.0,5594.0,0.029665429253599898,34.64511829347269,0.8872221205595463,0.38783602557464986,2
10.0,0.0,0.027257737860670473,48.04115480297483,0.9242907296587239,0.37046048989659064,1
16.0,4531.0,0.03329590073507606,56.28079834359594,0.8685211566535284,0.32699167854619127,1
9.0,2031.0,0.02773675222369371,29.88884196911484,0.9315165588017553,0.4207876769759241,2
15.0,126.0,0.028478403020724796,38.083345287391616,0.9000619524386071,0.3732301828424955,2
14.0,157.0,0.027220215325856247,33.095140029980826,0.8796194688195135,0.3780583164860276,1
8.0,6617.0,0.026557773413781596,42.09333506904906,0.8530577241183035,0.24422167734963307,3
20.0,2763.0,0.029017000418183937,33.82348266565469,0.8876400944173625,0.34366989886695964,1
14.0,39.0,0.028079986503802983,36.24820731849114,0.9042769451811272,0.3609806105385809,0
20.0,962.0,0.029282424487196416,50.964077928588814,0.8620662209837965,0.3347877592383793,0
16.0,4304.0,0.03099665070272639,67.75277007609179,0.8509175276432286,0.2331067673126721,2
11.0,2722.0,0.02877203233031454,40.58306177467688,0.8985692629598463,0.39122479537327104,2
3.0,37.0,0.02884784447030652,43.79324302146073,0.9046912772062872,0.3808850038154103,0
13.0,997.0,0.028040970126099175,37.09817720709006,0.9132290629273417,0.35591063011181073,0
14.0,1748.0,0.033669965663502326,55.79551525282149,0.8574591757722101,0.3129146216358462,0
21.0,923.0,0.0274866042956257,38.402335099006976,0.8905813562573524,0.4056374788704574,0
6.0,6717.0,0.029886417415996215,45.61017366983585,0.8652620744172064,0.31186583287497854,3
19.0,2463.0,0.027424067820579708,29.911484796872962,0.8966302675737294,0.37132438689898056,2
18.0,3064.0,0.03685580782661646,54.64896345510574,0.8563054405373947,0.31335239042907104,0
12.0,3961.0,0.02428921692435022,49.274608811223395,0.8539542152706927,0.28551135549888135,2
11.0,2031.0,0.028024521232082603,44.91831487470927,0.8665462762174445,0.32253638221610587,0
14.0,2455.0,0.025823202045511445,30.650190255595703,0.8721494855431602,0.30692777988919423,4
12.0,2019.0,0.03065635830113911,52.123789108712465,0.8566687052911603,0.33391088605068703,0
11.0,1980.0,0.04131624707185849,68.70033391060856,0.8218692354492746,0.27380487931512565,2
14.0,54.0,0.028878540098554176,10.240445416509564,0.9461456038604297,0.4607607143134443,4
8.0,2747.0,0.03484134599833961,45.64085000300965,0.8406870855903525,0.2875516722045023,0
10.0,1196.0,0.027103198469374847,28.782842585020344,0.9065759266869473,0.3432899063478323,4
7.0,4776.0,0.02721120141377067,36.20087544998948,0.8868679749002139,0.3519452943625152,2
20.0,543.0,0.026032914607625357,24.39191664836115,0.945526608058445,0.6078453947902467,0
8.0,202.0,0.028022742368732166,70.11687156578817,0.8859795492287069,0.34051784985732686,0
18.0,1593.0,0.027580542232559728,46.620226928453675,0.8708157658215652,0.3525759485938986,0
13.0,2628.0,0.02963771692365982,64.78523282898263,0.8087458233412759,0.2508345842563406,0
12.0,5174.0,0.03081045751633987,37.10873830878941,0.8826440853812832,0.2643539914750009,3
14.0,2690.0,0.029502496337385307,34.434264054334975,0.864599933145952,0.30258155758152594,4
16.0,3366.0,0.029024940645494934,38.69014829402596,0.8901994411277713,0.35647082834727173,1
7.0,674.0,0.028214328128317614,22.006234499311084,0.9173777102068928,0.3965322717808458,1
5.0,300.0,0.028470940482758746,18.01789637087002,0.9223293988215839,0.39095006715200603,2
12.0,1174.0,0.0504587914358932,71.48436547278303,0.8397084078780713,0.25279647207149714,0
9.0,467.0,0.027678578436374196,41.67663587455925,0.9220416481933482,0.4011946392393212,4
14.0,618.0,0.03083727176668498,53.613063894245286,0.8380274765574882,0.31416549009815514,0
26.0,685.0,0.02822741519589047,29.317420132828726,0.9158241538423754,0.4484874411204839,0
10.0,3693.0,0.0287431107009873,17.66970704040651,0.9047744734046399,0.33342986876105685,3
16.0,1878.0,0.02688742461469734,47.71069595291061,0.8689299216432099,0.32949758259053574,0
8.0,674.0,0.02701974406281594,47.7069141602622,0.8629588966309538,0.33041590585904956,1
14.0,2515.0,0.027883765251390063,47.8012467719018,0.8849275766729051,0.306319754767696,4
16.0,253.0,0.027222732917251278,34.78365177694652,0.902784237775464,0.37855060898524895,0
7.0,1470.0,0.03325873833103235,75.89706906120541,0.8046674673110789,0.22678028660419883,0
5.0,4385.0,0.024849394669366507,48.788309303525786,0.8685362676315533,0.3195064359565968,2
8.0,7141.0,0.028465336803453346,49.33890191981617,0.8481205386438733,0.27955687923507394,2
14.0,2172.0,0.026698685981543704,26.729121147765213,0.9009821326223288,0.3963769564522789,2
15.0,1650.0,0.03231810779636705,49.6827838866801,0.8684956517789608,0.3368071054584254,0
11.0,1507.0,0.028430180061071512,36.91561387921966,0.9030153980738418,0.35653338835980153,2
12.0,998.0,0.029995645141221848,45.04422385414387,0.8693966398159881,0.34421047442775504,0
17.0,2320.0,0.029287156390743904,47.49595688280727,0.8578270139418428,0.32668680871955325,0
18.0,937.0,0.03196001776160327,46.3451418740281,0.8683156129126326,0.3346237304692017,0
12.0,2990.0,0.02750484081595893,33.605492082944835,0.8645218342674759,0.3195491059162654,2
19.0,2077.0,0.03356653404711004,39.30479596033406,0.8795799164385364,0.36313930270467637,2
13.0,4696.0,0.027503850432104047,58.39604515263881,0.8155403650881111,0.23666874593129728,4
18.0,1277.0,0.03147030887352648,56.82342360192385,0.8561666509172013,0.32524153529349,0
8.0,1948.0,0.02820841926133168,24.233141803232833,0.8985368520953116,0.3700887438340542,4
19.0,1517.0,0.0315816493209502,36.89668485536241,0.8836455253410085,0.37742813232088357,0
13.0,877.0,0.02834173670528494,24.21814899633866,0.9169585597976498,0.38197269925848937,2
13.0,761.0,0.02946847095446536,23.39112358106526,0.9067678849741981,0.4037578379757647,1
11.0,243.0,0.028603598693083244,57.2100520135038,0.8283308040890213,0.2958255396102975,2
18.0,2294.0,0.024877688902694726,37.991324032270235,0.9013881049440603,0.3608186093792733,2
10.0,2477.0,0.026339360147032025,32.09758447204139,0.9139613274887339,0.4018006155923392,2
17.0,132.0,0.03615597388942298,55.14829388972661,0.8544734407766588,0.2900463767462973,0
13.0,395.0,0.029811919473226277,29.1987744409439,0.8949282978604767,0.3113322219039537,2
22.0,1052.0,0.026319192499730595,46.21913323640296,0.8940789003035101,0.33467996196006955,0
12.0,1262.0,0.02756488822005368,44.91640733868705,0.8658072132130653,0.33566426969476876,2
11.0,2376.0,0.051240234726572347,82.830561831963,0.8123902392391075,0.26464594025591825,0
19.0,1871.0,0.033205792022221084,51.245387212132414,0.8506544545612142,0.3317876468233697,0
15.0,118.0,0.037032228515374944,42.574922688673425,0.8515649130040823,0.3143682978394352,0
17.0,1194.0,0.032190453715549044,46.260332939294955,0.8709110004619096,0.35487127876448493,0
19.0,0.0,0.027667756788389935,55.95429129769997,0.8807887729452335,0.3327542420633288,0
4.0,2344.0,0.026462924763869286,26.594166763790014,0.9507651839915383,0.47366727043734375,2
15.0,274.0,0.026110293534897383,27.150646717545065,0.9310947640723735,0.48376707042662465,0
25.0,1500.0,0.030865569134430865,46.03049274060147,0.8640241713800624,0.3457810243143811,0
6.0,871.0,0.03245832374657491,81.82081897800532,0.841594325828044,0.29980004586326636,0
11.0,627.0,0.031819815903219605,71.29669438414251,0.8618822410346285,0.3056784571045513,0
14.0,1037.0,0.028390891789068517,27.291665321356255,0.9180325134168765,0.43692233007224957,1
20.0,1048.0,0.02709083005288961,51.094355645810424,0.865027279035945,0.31165524403964906,4
14.0,205.0,0.027787497174493962,32.523676699881165,0.9201404515578502,0.4578337337216914,0
9.0,1459.0,0.041512300956349425,65.68457569161293,0.8436163096018647,0.3164299788562408,1
13.0,311.0,0.027574927188992984,44.50531394238965,0.9046814647258374,0.36194349449107044,0
13.0,1388.0,0.028448297007994658,30.54233149349062,0.9316083856624607,0.4608277684600799,2
12.0,285.0,0.028440975119146943,42.2022619303158,0.8422695402640329,0.3293286123830015,4
16.0,984.0,0.034192933682103736,54.458860076769504,0.8797371161580266,0.3179702857819692,1
24.0,1112.0,0.04052896180981571,62.77479661314848,0.8290144452634964,0.29720924345621036,0
13.0,3019.0,0.039434797518471176,161.84377898838366,0.6918845317367776,0.18283594474256437,0
14.0,4415.0,0.026133810386778065,32.646603753191144,0.8833479499853929,0.33119854236935153,4
12.0,1391.0,0.03031836653287128,47.616799299314174,0.845376481431206,0.28653829030555433,0
8.0,48.0,0.02811241191287039,29.992934449297334,0.95646049377211,0.5822470283708937,2
5.0,194.0,0.030636921121482984,16.552667093068557,0.9299617510014843,0.3868338366938238,1
21.0,2261.0,0.03157021893095111,63.64011861511336,0.8357977430233072,0.3140974271157411,0
16.0,697.0,0.02957223865262906,47.729934818096176,0.8572969663140224,0.31974993939038476,0
11.0,2329.0,0.026580334392125378,24.38349720116579,0.9369668256621939,0.46057561546627457,2
17.0,934.0,0.03704880873567994,56.60976320710657,0.850508501462269,0.31975715508195734,0
13.0,1812.0,0.025318862824465844,35.871967166072686,0.9014912826815878,0.345330194393719,2
10.0,0.0,0.02807505878965302,22.163086327027962,0.9155029787559013,0.46905946926985287,0
15.0,374.0,0.027231946145618798,50.09126305752953,0.8621855051410694,0.29977058128559936,4
17.0,56.0,0.03398831546659077,75.41077754659767,0.8510627538995996,0.2719177654081834,0
15.0,2463.0,0.02621211651208239,58.28635520956734,0.8670879708089423,0.3072785727343922,2
15.0,3394.0,0.04758857399212602,53.71143694114213,0.8712346293184043,0.29128093910859776,0
13.0,2224.0,0.03301035270918299,48.84770503494586,0.8310514871658592,0.2818985742584787,0
13.0,1118.0,0.04082279612066889,63.83892421279645,0.8305007670152122,0.29667672160125697,0
10.0,67.0,0.029382498684496005,63.29884041436704,0.8207190322644569,0.26777543321545577,0
17.0,5980.0,0.029602825643858018,72.1242992475832,0.8266965384259914,0.2536405592024997,3
14.0,1435.0,0.03297308311748363,41.46025660952175,0.8883278680615184,0.36202675428131603,1
8.0,6058.0,0.027202072538860103,27.388146697427636,0.9240802249792239,0.3962052889604617,3
22.0,2061.0,0.02707196141589015,42.922083002282164,0.8785634889378426,0.36035523830509586,0
18.0,1235.0,0.02873017351087935,37.10061288842856,0.890795226728855,0.4027835031774114,0
6.0,6463.0,0.0418955833706983,89.24252923062397,0.7779808692415577,0.1893609488968469,3
15.0,505.0,0.02625470998977343,35.81462278335474,0.8798274870112626,0.3273424064164823,2
18.0,1599.0,0.038553581128268795,56.26980151963581,0.8505685406671578,0.33009128183671266,0
15.0,2745.0,0.03877755588882068,55.73699452616637,0.8508935584062906,0.31830511097163844,0
12.0,3586.0,0.03139582055387558,54.09647025359466,0.8554802133691738,0.3274915269579647,3
8.0,2765.0,0.028894178312801805,21.757186522021275,0.9085744342752167,0.3787475816240624,2
12.0,5793.0,0.028034217487415147,43.07728717228305,0.915875236614972,0.3721189719658292,2
8.0,3027.0,0.03513082084154341,82.76838060853828,0.7929372766618896,0.2530162503392882,0
9.0,5578.0,0.037167928744336165,108.04133588055772,0.7923129210752409,0.22937276208966317,3
18.0,657.0,0.031798929160282215,43.041146689035294,0.8821984754535789,0.3724476154525381,2
12.0,4411.0,0.025984855802877044,47.42104447702871,0.8513897038250058,0.2890219548653402,3
21.0,0.0,0.0281224389517837,22.56609142034882,0.9218288077289992,0.3943097531917616,2
17.0,246.0,0.03233878281900421,49.770518456740675,0.8843247300914829,0.3350835503711399,0
14.0,748.0,0.026016383200816444,31.828188430801703,0.9082027668470597,0.37761552004164134,2
9.0,3645.0,0.03261763789903456,51.980895524193045,0.8514740601843289,0.2800619307079599,0
10.0,338.0,0.02586134947176777,25.290240264346682,0.9391162873011629,0.48638804451742335,2
12.0,1576.0,0.04169537767090112,68.08743056480517,0.8188540713433349,0.2875658337028143,0
22.0,910.0,0.029298070618651206,50.44921893024988,0.8511035735261645,0.30999887036219,0
21.0,802.0,0.02789151011042593,48.01905770285661,0.8992282230252315,0.352241641234485,0
17.0,435.0,0.03288279263790723,44.74195174062436,0.8821442950868622,0.3625893342291249,0
8.0,546.0,0.03433169934640523,31.539491615628013,0.9194683978037934,0.3381637111822185,0
10.0,1657.0,0.027689344190526224,32.51133542221365,0.8914414441181117,0.2945736953823854,2
11.0,401.0,0.02788609515746577,22.399750177664295,0.9309693134474027,0.44743221144505363,0
15.0,2767.0,0.0327363527445727,49.82405261476825,0.8652643901628854,0.31460308344381127,2
2.0,7797.0,0.034952614379084965,37.06022370738601,0.8828488555598153,0.2629753676132028,2
19.0,2330.0,0.027182253114280557,48.54002932121009,0.8876667217185651,0.36927877015054045,1
15.0,1649.0,0.04512677439098272,67.88483111410454,0.8217536633674614,0.2873041247998894,0
20.0,1206.0,0.02620606447720942,38.116533001641585,0.9035634671492762,0.38783009284295306,2
14.0,152.0,0.025044600711457626,56.95501332124687,0.8967019726286046,0.32071548617219836,0
15.0,2246.0,0.03513992456854304,38.66469411764448,0.8809633487046917,0.3419466887618034,2
14.0,1245.0,0.030369424691446333,63.48313569458007,0.8376611365427753,0.2795027504964754,0
6.0,420.0,0.03386544896995726,80.56392128729942,0.8688485451916926,0.29758424005401185,0
14.0,874.0,0.033643662107643545,42.435191813909924,0.8797541709961763,0.3335933083620757,0
14.0,2403.0,0.025886579978846514,53.655242602522165,0.8421723313746984,0.3296343913827379,0
18.0,1855.0,0.03180894766329322,36.872693816483206,0.8941758249263925,0.38869651281139433,0
11.0,1560.0,0.02859073748970746,34.11259828542484,0.9025129579450702,0.41668912652002915,0
18.0,1291.0,0.030084661601867024,46.65122942751164,0.8708196716552503,0.35530348439274423,0
14.0,3185.0,0.03175300056391674,60.32797712016131,0.8685317550529099,0.31967036706707797,1
22.0,1036.0,0.03662403279959281,62.003704376037135,0.8322255212105023,0.29234673937170796,0
18.0,205.0,0.029352819010391766,36.006472107547296,0.8953430213638819,0.36029832385414107,1
15.0,2158.0,0.02839934498937085,47.73766225735382,0.8606632608754854,0.34912712991922823,0
13.0,1678.0,0.025688826588320914,50.43023878149967,0.9035228900171334,0.34721716166329863,0
16.0,385.0,0.028103412102044464,34.28451281791833,0.8980196198681782,0.4233987748502933,0
19.0,896.0,0.027847487398055842,30.75899032788526,0.9031038054013344,0.3981446018794151,1
21.0,1610.0,0.028624107438260434,44.100081090963215,0.8737004233792767,0.36041745114650814,0
13.0,776.0,0.029885179756332057,50.81285331125059,0.8625360169876687,0.31681492631278474,1
20.0,1753.0,0.02626118824222399,47.05932703669632,0.8611509172038012,0.34190782740332193,0
11.0,2063.0,0.02896638428139663,44.33115022811259,0.8894911076401757,0.35211170046480067,2
12.0,2697.0,0.0278541937225659,49.73190098037275,0.8640492049466404,0.34644080035762426,0
9.0,0.0,0.029529353456234635,35.77502979712325,0.8892243620251599,0.35154814184010624,1
6.0,490.0,0.024066996637637575,92.1516142229999,0.8746066185414015,0.31556908772843756,0
11.0,2620.0,0.03486472804714132,53.15551800629912,0.8182826946901619,0.24787411991096284,0
15.0,1054.0,0.02876353138372942,24.06966403134912,0.9389359082088666,0.48325489509592595,2
24.0,2207.0,0.02818569488010958,41.89420245465331,0.8939703585193143,0.360819108434384,4
14.0,1361.0,0.030117179309969946,48.510786418288745,0.8767587065676563,0.35324389867313216,0
8.0,1717.0,0.030003489357459747,63.83547749125393,0.8021335566647452,0.25383219064986273,0
10.0,285.0,0.028420530845838402,14.482670810545827,0.9375813451239127,0.4231318266805521,2
5.0,801.0,0.023911055051810768,90.00324661890784,0.8679409795221189,0.3114623368209519,0
16.0,1374.0,0.02845346033146014,46.893334953746304,0.8731737085596576,0.35443643720621365,0
15.0,1491.0,0.026911428826250663,33.79346754848619,0.9097238149272933,0.35794496518754576,2
15.0,1837.0,0.027647297751640744,25.32197402600847,0.9296240715592079,0.38467558616223674,4
15.0,149.0,0.030338090656886085,37.66341011528071,0.8753830202191315,0.35139096591761176,1
14.0,2585.0,0.029423348610640294,39.5342279206869,0.889680241104232,0.35407869213667903,2
22.0,969.0,0.029328399762901226,35.6242287689298,0.9004662795967091,0.31268118764955616,0
14.0,3714.0,0.043030349872472194,122.48527566003085,0.7365607639039602,0.17448449076997524,0
9.0,1491.0,0.031579700519354874,62.693724549769485,0.8255511463037093,0.2987479030828613,0
17.0,900.0,0.028769495783686972,32.49910190720303,0.9058248135948485,0.4303034545959295,0
20.0,935.0,0.030306744088276768,48.92669093703493,0.8834856603791745,0.3401002099207325,0
14.0,246.0,0.029125920446267828,38.68408447280842,0.9202827841525997,0.4038876145978013,1
15.0,480.0,0.026787307013965263,28.60547266784777,0.9280091311766923,0.4511664969739391,0
12.0,675.0,0.0279748608639685,26.58529052057593,0.9135003740414731,0.3791275847029541,2
16.0,1795.0,0.03601444496976634,65.44092483376699,0.8124937969600206,0.2695677088797361,0
18.0,2061.0,0.03203699065121033,88.84444501630747,0.770315311004986,0.2413176718268836,0
19.0,5620.0,0.027768492750356703,31.108824064504606,0.8934810901417655,0.308907414962745,2
8.0,733.0,0.037402414840474935,88.10006833769148,0.8317553711467781,0.30440500294917794,0
7.0,776.0,0.04011883968342846,109.22104024283288,0.815552329715685,0.2680156016364581,0
15.0,1127.0,0.04108184681913922,67.92680299310666,0.8151331214321614,0.28170518005655787,0
14.0,1927.0,0.03538431406521305,57.11961188492321,0.8633766446763003,0.36594324709000303,2
19.0,273.0,0.02967883109728182,32.82052576242668,0.9069370092581517,0.42987687205592784,0
21.0,1352.0,0.0255612309930703,36.59196274612642,0.8986685878702005,0.39879578450961556,0
3.0,4619.0,0.02948129103528089,68.0340390848701,0.8183056138053617,0.2485883886115309,2
10.0,214.0,0.026510384666293938,41.46243913683274,0.922335515118087,0.3750646590163435,1
19.0,1771.0,0.02666724413541117,36.922161038969115,0.9165037889671894,0.39366360015560203,1
6.0,4577.0,0.02783187175695859,64.89874417987284,0.8191012627342094,0.253415170476669,0
21.0,429.0,0.029263837784895573,29.97573421031194,0.9140846728745097,0.4465479709269868,2
11.0,2617.0,0.025969412810593517,30.340292357127446,0.9064573553181899,0.3729172593133839,2
11.0,1558.0,0.03357892595679418,33.64572240255723,0.8856701847122734,0.3707379007383205,0
24.0,3164.0,0.0329426636456672,51.452323462780114,0.8577067367792262,0.35332252125088487,0
14.0,131.0,0.028451152046070224,32.19922579629785,0.9113466964847916,0.4165075949590516,4
4.0,4107.0,0.029737933116606555,35.702988010004404,0.8866019250772597,0.3391670585615934,0
11.0,2620.0,0.03271839892716754,55.985445017006256,0.8169075603660616,0.25842651724018506,0
17.0,3891.0,0.03177017552777593,37.984590207071705,0.8811145516274581,0.3458992993898975,2
13.0,1754.0,0.030144420506387305,35.70700875612545,0.8795812917744573,0.31914697329257435,2
5.0,2820.0,0.029970386553235147,45.72907119394824,0.8786639679272987,0.353844557201592,0
24.0,294.0,0.03195797154595347,47.98933724122219,0.8722312132185974,0.3401489693431666,0
9.0,1700.0,0.03139620132835459,49.00747403971378,0.8565135229984006,0.3338159242150746,0
17.0,1151.0,0.030019481299207305,33.240331430009746,0.8892171080084021,0.33233575960028827,0
20.0,1272.0,0.026858916473292624,52.67845811385986,0.8493343928146838,0.30946494558361926,4
11.0,532.0,0.02928993871004697,24.288746978114958,0.9080862239027007,0.384129379886912,0
13.0,6859.0,0.034794627565277486,101.52117724937244,0.7878126503475029,0.23483528993813246,3
18.0,0.0,0.028100156058194603,14.542909953595426,0.9508063517347665,0.5544020704442807,2
10.0,258.0,0.031138280945897708,56.90063453403022,0.8758810317356609,0.3160816954017113,0
21.0,986.0,0.029298302922830432,43.41672803934238,0.8681992754873882,0.34220207365139094,0
13.0,3928.0,0.036457891192266986,63.61452724845698,0.8479633409366363,0.307386988362519,2
19.0,1345.0,0.02734628304366876,39.74010947157729,0.8766704909602081,0.321753071321134,2
14.0,4086.0,0.02967411028841574,36.87995932264983,0.8930889241687117,0.42359946699086864,1
17.0,3073.0,0.028436466876733096,35.1711912518255,0.9076245992591285,0.40076789447573624,2
7.0,824.0,0.0354129630016941,82.24370330449761,0.84210345081126,0.32822538381681376,0
9.0,563.0,0.02660703350877057,32.30530698885394,0.9176922206075173,0.46222200722422585,0
7.0,1063.0,0.03417447587712856,44.17687300171133,0.8775739157719084,0.3837538117101077,1
14.0,4028.0,0.041517738856775156,53.58307388853734,0.8497124778766978,0.3141362593303907,0
22.0,1099.0,0.03484871796067242,46.17096921764237,0.8737078146542128,0.32512616011389395,0
3.0,1460.0,0.029622459174279674,27.11525534434388,0.9185026295897452,0.37967744716801183,0
26.0,5285.0,0.028987168626475684,57.43575326100365,0.8495591604564261,0.27236719493817896,3
12.0,3361.0,0.026440848852652906,39.71242189257332,0.8830559251369963,0.34149006259141246,2
18.0,1285.0,0.02753727940241281,47.56540272734523,0.8639601071129134,0.34115858754543016,0
17.0,607.0,0.036489480720627514,51.61574455225373,0.8418323946344953,0.2833267859658001,0
22.0,2461.0,0.034434925408878776,38.45032607577208,0.8854588274372885,0.38685862172536867,0
6.0,60.0,0.026753213003671172,18.60408735336545,0.9541632727757565,0.5320725871443068,2
11.0,57.0,0.02636933823848726,27.651835712244086,0.9288828010077403,0.4901105140016399,0
23.0,1505.0,0.026765240273165843,31.982938212211366,0.8973685715932571,0.3197291446729561,0
20.0,466.0,0.028148858579042736,26.259026303432606,0.9385657994455694,0.5038487559996581,1
7.0,0.0,0.035983938427854543,111.84827410682513,0.8388794244823561,0.26473370960241344,0
13.0,5689.0,0.025547111248712423,37.63765091374073,0.9006901050562144,0.3305046583379222,2
20.0,1246.0,0.03529457466727785,61.467018686234454,0.8287279552021686,0.2806969271502778,0
16.0,115.0,0.027702682775773424,42.87623588770252,0.8895096752239912,0.37804424841819684,1
5.0,472.0,0.026829733827432593,25.861261853895936,0.9151891415159219,0.41085386174196087,0
14.0,2973.0,0.033449830103489474,42.02730090682961,0.8713254262222435,0.34687752631986,2
10.0,5995.0,0.028172010811747927,46.25255323546257,0.8828713308896975,0.32171913573254884,2
17.0,1242.0,0.028387101426024634,16.849951844985153,0.9257991739290681,0.49894993383049885,4
19.0,725.0,0.030739442185277254,37.196582262154955,0.8918843252873407,0.36624750214429624,0
17.0,2542.0,0.028260252253957736,38.864796780761196,0.8735175720656262,0.34564918462074046,2
16.0,1231.0,0.026520234549626376,36.69504785582421,0.8785607771987467,0.32480473115652886,3
10.0,1911.0,0.02806788041284668,31.135729298218877,0.8718577449408292,0.2957639888698303,2
18.0,2372.0,0.027904419386531824,30.35237652261791,0.9038006620979361,0.3580448824860268,2
15.0,485.0,0.028204639988359006,38.93317948443378,0.8992242388459819,0.3984962238479387,0
19.0,86.0,0.02677463546186784,47.227188384932845,0.871541170379645,0.35465758507905365,0
19.0,1209.0,0.03359195977404706,39.11695769753959,0.8899594049835156,0.3766742556421021,0
13.0,1913.0,0.027308156605887784,35.90502909750905,0.912099385416647,0.405002375081403,2
9.0,379.0,0.03446815260218961,31.17295767785562,0.8944353944775694,0.3643204466934744,0
7.0,8356.0,0.034159703062662514,43.01495203377404,0.8617258093969177,0.30609982798328117,2
15.0,2316.0,0.03242048408179209,64.61297884670162,0.8245351950367901,0.2849672133406124,3
14.0,599.0,0.027300519778233143,32.69253085231226,0.912766467886039,0.38885074967878036,2
8.0,451.0,0.028359160126115248,58.11876616845731,0.84507251727672,0.28030995259011515,0
13.0,2134.0,0.03090039573986233,48.31339875580837,0.8684986747279712,0.3389886163134919,2
16.0,2286.0,0.03153016969893286,38.166847151657606,0.8760848467718781,0.3834381226305538,0
13.0,4050.0,0.026577394009492283,59.07229534862891,0.8241681801832692,0.23785203725671228,0
6.0,687.0,0.027888852351200262,53.54306308945037,0.8250088171569421,0.3036125000499072,2
13.0,883.0,0.04827198071301852,69.23015438631427,0.8284897251354384,0.27443732570213,2
4.0,1404.0,0.03560111957938888,34.59690587828128,0.8914380204064978,0.3379194977795506,0
15.0,5519.0,0.030097146962307267,34.161968240557535,0.8678720172233739,0.3203633013540672,3
20.0,885.0,0.028221989776173104,39.307368777730126,0.8866884719311305,0.3776704820894843,0
18.0,1495.0,0.032604511390235874,47.87153571000615,0.8650748858895508,0.3419650753369829,0
18.0,589.0,0.028643213376875608,47.28292633066452,0.8796969910539595,0.3080097486155498,0
12.0,2166.0,0.030898325504076507,64.44243983696,0.8129042849628008,0.26817421968882016,0
10.0,7099.0,0.028556167229393456,45.10945774469212,0.8738828937959726,0.34716749707853733,3
8.0,312.0,0.029632287294846016,18.878804681004002,0.926855635896392,0.37737888004114617,2
18.0,2269.0,0.029884079755613947,44.70045637653322,0.8531615837855371,0.31524870915620856,3
6.0,142.0,0.02676929694080539,33.01589439600734,0.932854853608911,0.4421427597658879,0
14.0,2033.0,0.02929470472957957,44.027612549534396,0.872818277264297,0.36466998848544385,0
11.0,2082.0,0.028527636634876244,34.39417615860199,0.8822523939163477,0.3317886897690273,2
5.0,246.0,0.04421795735035193,108.2540965141506,0.7993084625486253,0.2588392592128778,0
11.0,685.0,0.028488873026688153,14.84878789056058,0.9373648149546026,0.48299997759890545,4
18.0,4018.0,0.033217602607366385,57.26912372742213,0.8140437456922854,0.2181537053918165,4
18.0,1578.0,0.027255081600645974,37.353990742902795,0.8997046051588606,0.3925939810293842,0
17.0,702.0,0.026393198837052104,28.95276736789785,0.9251346124557536,0.49130106555246494,0
10.0,1766.0,0.030147557054914002,26.699968420684606,0.898147618387349,0.38742157710266517,2
16.0,1283.0,0.03835702145938778,88.64010708818307,0.7782547461153315,0.25132278576496553,0
14.0,1015.0,0.02980645801422574,34.30850172511139,0.9031310006728756,0.3957701655101148,0
9.0,2211.0,0.046571800518204684,61.06452590895298,0.8293271905694166,0.2717809250613492,0
16.0,822.0,0.028247117987227916,49.92660562811914,0.8892046142106924,0.35852743156948286,2
16.0,1240.0,0.031841875348190496,39.5138529711116,0.8908271636874935,0.3838559866566409,0
15.0,1376.0,0.03218729300838695,53.918520996940345,0.8341078388827424,0.28093138203545615,2
12.0,758.0,0.024930640360806028,31.86676274661191,0.8903700025821496,0.3297786611031245,2
19.0,685.0,0.03582451045518409,61.90211968915846,0.838613944469097,0.2977006833729188,2
14.0,4572.0,0.034377158604569795,35.48219915184897,0.8773334730370362,0.3472914913330556,2
3.0,8240.0,0.03490042077755661,56.025492679855915,0.8513738589649557,0.31024477445669973,2
22.0,102.0,0.028708697174045703,32.72368750857696,0.9185280434121113,0.4537840730891349,0
14.0,2071.0,0.036307018444376005,48.29900640869536,0.8634773213873904,0.35465204223422186,0
17.0,1657.0,0.029411879184181845,39.848567954317446,0.8846936907146603,0.33461995140342876,4
21.0,640.0,0.026337993371216537,42.64432510785962,0.8772145320156413,0.3516423158954182,0
13.0,1227.0,0.028691810565172705,35.521971373827455,0.8986758535811552,0.4058324373021388,0
17.0,305.0,0.03521534531439072,55.61292913688021,0.8539548641144232,0.28448992229646597,0
11.0,977.0,0.053182977987285385,68.5115499831825,0.8232059203443836,0.28535190566482016,0
9.0,5728.0,0.028940132364932775,32.56082694770752,0.9109216230744439,0.418315919296059,2
16.0,571.0,0.0290156333302817,52.47994662628498,0.8606418282886599,0.3602593536925527,0
13.0,1686.0,0.026129126633070415,31.549359436668702,0.9230379362974876,0.4202229456737595,2
14.0,1034.0,0.02825554033093562,22.070353423623814,0.9325203174874037,0.43623710103161234,1
7.0,6178.0,0.03388272091255052,56.96456731563913,0.8715852721541578,0.30452167239931943,1
10.0,3216.0,0.03789211978702532,79.83273462033065,0.7952158929784839,0.22428217025028274,0
6.0,136.0,0.03443343552252414,68.07645722798772,0.8622596314051318,0.3569048273326254,0
9.0,4644.0,0.028264344353831603,32.90333129531342,0.8906854441379097,0.3298848811822014,2
13.0,883.0,0.04827198071301852,69.23015438631427,0.8284897251354384,0.27443732570213,2
18.0,4169.0,0.02827463384619826,52.20440989562461,0.829264550913305,0.2718589840976218,3
19.0,2892.0,0.03194486335552439,51.663482616385195,0.8717974497727666,0.3462847474876256,0
8.0,109.0,0.027602404796195197,43.33141620248236,0.9198713485394323,0.42531728599322866,0
8.0,414.0,0.026811831222840053,60.374108659052396,0.816742980438208,0.2804026847395258,2
9.0,643.0,0.027084116675492594,38.67487140940719,0.8898885670726983,0.35760639314522524,2
18.0,1435.0,0.035945322695571776,103.56227234143468,0.7440849442418451,0.2131570648419087,0
16.0,2537.0,0.028007978089786983,41.45798803752301,0.8793394568620816,0.36915763798129536,2
16.0,698.0,0.03756525950891007,64.17808426831226,0.8230644507183977,0.29118571812598004,0
6.0,5239.0,0.024450130027457672,61.07244519558405,0.8424221429595471,0.22321741403598055,4
18.0,2974.0,0.029729919140529554,38.50102899139737,0.9020035594261462,0.3705847645759449,3
12.0,0.0,0.027842999100568984,24.445482665707967,0.9313676673575271,0.5087329551025486,1
28.0,713.0,0.027328705291499618,30.48447327716248,0.9045467254579844,0.41952814890075485,1
16.0,994.0,0.02735776251546376,31.237531167595204,0.9046132811186107,0.3985618066627602,2
21.0,5770.0,0.028548314571441476,51.370355646911506,0.8613258794804157,0.28701898779425045,2
7.0,1166.0,0.035782849563435276,58.9940972301215,0.8287294697967527,0.30110367121777915,0
12.0,2351.0,0.028040421394415954,41.7416514439449,0.9134347593528873,0.3433756325988266,2
14.0,2395.0,0.027500134584671702,43.88321670632916,0.8939038257265193,0.3565480808841055,0
14.0,791.0,0.028143773826900153,29.977124170517413,0.9025334816447141,0.41120656569645964,2
14.0,22.0,0.026841707094667544,32.26053947772365,0.9293926000164296,0.4448457448918915,0
21.0,389.0,0.03048015352274747,49.03372338342791,0.8900779137662738,0.32514110485053765,0
12.0,1737.0,0.038409148566633494,65.16069897535796,0.8606970868065908,0.33237361082639216,2
18.0,1185.0,0.03023302009867697,54.61836629300491,0.814801935179835,0.2820970425487497,0
11.0,2740.0,0.04161419590690669,108.3006926035151,0.7673564858545343,0.20354600533361245,0
25.0,2131.0,0.030406008824995768,45.85249897989966,0.8716940123240315,0.35710002404401,0
21.0,441.0,0.025381320022145496,56.179245530173844,0.8866890405022031,0.29892022015090153,0
13.0,237.0,0.028163750896084683,26.13331254654897,0.899398138790614,0.3193764692442543,2
17.0,2128.0,0.026512449998449563,30.779198644960207,0.9197100888106038,0.4702105869614944,0
16.0,785.0,0.031615002834973475,44.917304291507456,0.8605594811010664,0.3342579510499897,0
21.0,590.0,0.030544765543451036,42.00780147400751,0.8798853269566652,0.36386492636455686,0
15.0,746.0,0.02652014834357966,33.954196697681894,0.8961600902392897,0.3385651309045579,4
16.0,3096.0,0.03000194137060765,40.03010479752599,0.8790584628971878,0.34243463694241255,2
10.0,275.0,0.02756489854963396,60.492215735340366,0.8732881259046033,0.370187322463274,0
11.0,1809.0,0.031110118398939398,38.29679764243275,0.8552746677957197,0.31134832576213556,4
9.0,3436.0,0.038832415058033316,55.83300705568906,0.8486980112306364,0.3056575622456854,0
12.0,356.0,0.030442907346460647,40.15799702761825,0.8813925811422667,0.37021567098075386,0
13.0,3970.0,0.027228437772017812,27.299656183267828,0.9071338060377283,0.3590349480983882,2
10.0,715.0,0.02764306121019158,27.51135571692963,0.8998144151865319,0.3260476938451791,3
12.0,3202.0,0.03815384734963381,62.708914943056016,0.8361906646687071,0.26067403783136167,3
17.0,447.0,0.02735080726104786,35.641051256464266,0.8950086580008769,0.3468796427806972,0
7.0,5069.0,0.03073207091435742,95.4060244268021,0.8021511823200245,0.2253451217564974,2
11.0,1240.0,0.026677945981546883,48.903914651572954,0.8709670983600655,0.31525583068128055,2
14.0,599.0,0.027300519778233143,32.69253085231226,0.912766467886039,0.38885074967878036,2
8.0,4899.0,0.035449719468084305,63.2517390180711,0.8530126838206636,0.31752907056281476,2
17.0,114.0,0.026359115207659305,27.687525477059687,0.9383888178165167,0.5167794584023296,0
13.0,4091.0,0.025583928214347424,38.32558337697395,0.9033654891184741,0.33437803321339377,4
11.0,3135.0,0.0567668890319755,65.45914863893631,0.8456043339054822,0.25291926839057005,0
16.0,1195.0,0.02839206170876421,50.42181160167707,0.8613038947116373,0.2865572237180636,0
13.0,994.0,0.040326499635049924,50.7219774892518,0.8545585230173762,0.3441745761887421,2
19.0,547.0,0.02672352886766943,39.60772043053331,0.9024352883228292,0.33265637704486906,1
8.0,415.0,0.028521686209072566,71.69719448745433,0.8242696878694484,0.28596826800469055,0
9.0,1200.0,0.028673906645182854,66.49151209928417,0.8120092872582569,0.2752317055421396,0
13.0,444.0,0.030264533870405515,34.13849306785483,0.8927966389042499,0.402553854052248,2
16.0,403.0,0.027257332920743966,38.32028697492136,0.8993763605669967,0.39482186318762647,0
19.0,1432.0,0.041261022200722655,65.46205727755421,0.8225334381305143,0.28043361383016857,0
20.0,883.0,0.02567021307985098,31.94238146713013,0.9088820657567891,0.4144152667437935,0
16.0,1691.0,0.04210598309729548,69.09297306662003,0.8134523327407296,0.2820871309948583,0
17.0,380.0,0.027671347001009945,36.596803160830774,0.8921124926477586,0.3753731525823867,2
7.0,2049.0,0.03676180783180918,66.59548986507583,0.8124315751365678,0.2715363859487461,0
14.0,34.0,0.02794405666126904,28.890332839401534,0.9267003636341107,0.4802375217958127,1
19.0,1050.0,0.031195859438845,59.12840749810088,0.8267778446827506,0.2922223192652599,0
19.0,784.0,0.027484458704557825,26.34413909836264,0.9239443795664867,0.4194314885183419,1
11.0,1023.0,0.04186519379615999,69.86327559698445,0.8162225903367104,0.2675741262859356,0
11.0,1116.0,0.02863468576693456,36.11384756926054,0.905879787984625,0.37157031825364545,2
10.0,2058.0,0.03344337410253635,40.51549527020847,0.8637594296392562,0.34281079457601793,0
11.0,120.0,0.028234854885932678,29.981701843032667,0.9148272624466893,0.42375790545047765,4
18.0,305.0,0.031944634270591306,45.60252572500537,0.8770039289810958,0.3438805896048238,0
13.0,1807.0,0.03668305892984971,56.5214889725689,0.844062271848773,0.2855684911423087,2
15.0,584.0,0.03097966450189313,40.1445000138646,0.9038479151340497,0.3806953064040856,0
10.0,1330.0,0.02677605392912475,34.59315284265053,0.8885127207237478,0.36941668211420725,1
14.0,996.0,0.02711655352529212,58.008867231679304,0.8293230472678935,0.29332297580631633,0
13.0,124.0,0.032474769918862355,48.85559321964432,0.8894268517364765,0.3351361481810573,0
18.0,356.0,0.027996008381617466,28.027652213036138,0.9277239062397542,0.45116728974180564,4
12.0,350.0,0.029565137337164878,25.650291370519952,0.8855373503836859,0.4163109405709085,2
19.0,598.0,0.026883066447717294,36.82692991551791,0.8938565512767599,0.36287799406172394,2
16.0,225.0,0.028251657911939294,30.380421311401804,0.916511464609756,0.45296766617963324,0
23.0,1020.0,0.033089052779216095,51.96064858497758,0.8371969100900389,0.28450340155542514,2
14.0,1365.0,0.03161863161459288,53.70484848832676,0.8495938074928313,0.32965431074707413,0
9.0,2179.0,0.028546025537652956,28.495567930778087,0.9218125507220027,0.4623980274097934,2
15.0,223.0,0.03037395916904886,44.67274468057998,0.8948279998727644,0.37485564811331973,1
15.0,1100.0,0.03665314531476427,54.65350339371004,0.8517318534943452,0.2996232997559003,2
6.0,1117.0,0.028769421349601768,32.69584264624826,0.9034039296522186,0.4320542165995945,2
15.0,0.0,0.033208262583201295,27.223870526015286,0.8982276351095528,0.35760543000918776,0
12.0,5552.0,0.03240571507183146,49.52436999663402,0.8632612936952511,0.27924437055108736,1
19.0,1211.0,0.028042987734869747,46.198683221069274,0.8677457909272696,0.2846485087852134,4
5.0,359.0,0.02833262916591718,72.46461054171182,0.8737107442018474,0.3608298805357434,0
17.0,56.0,0.03398831546659077,75.41077754659767,0.8510627538995996,0.2719177654081834,0
14.0,4552.0,0.03512676950605348,47.34831457748907,0.8375769255096763,0.28425567107265975,2
14.0,766.0,0.030522613378155445,57.82044144907099,0.8288605563319476,0.2901534088313348,0
7.0,5153.0,0.03266436918043579,70.12688414342519,0.813599956951719,0.25739230365071397,0
22.0,2512.0,0.04569560783912017,60.31831163893342,0.8475788939127655,0.2998312190434145,1
17.0,2290.0,0.027614466753821856,50.89373061687202,0.867328202770407,0.34652557642818865,2
14.0,0.0,0.027539174549221012,36.63116152399947,0.9340799202190415,0.457626266900291,1
4.0,566.0,0.028155502620982646,15.61468197747658,0.9311596483756427,0.42612241586790733,2
17.0,2314.0,0.028532125368028276,34.262799332769276,0.890477715654669,0.3717999928312693,2
13.0,4024.0,0.028804960744255762,23.165907630877822,0.898860333942379,0.3748546539691003,2
23.0,1248.0,0.03007893450066361,49.812740887487124,0.8557568257967118,0.3265472504916664,0
16.0,4427.0,0.030373498522219072,37.77180382669739,0.874831160279887,0.33852492667125034,2
13.0,760.0,0.03243988399953359,48.683152863045386,0.844070741317925,0.259642977318895,3
20.0,79.0,0.03086827465550117,37.91111013745203,0.8781598995852314,0.3243301385377708,3
18.0,2237.0,0.027690975088221527,25.032905467020832,0.9146543606845134,0.42039183189974993,2
14.0,419.0,0.027206357921577568,29.70189773100085,0.9176779277260394,0.45716597722960084,0
17.0,1287.0,0.03340281867441911,96.21792368911863,0.7748248403055948,0.22422559905958617,0
15.0,974.0,0.028504653801171866,29.07486552505588,0.9169507902063021,0.37531993575614697,2
20.0,563.0,0.031519390274025595,64.27825471515862,0.8225529059228769,0.28471547089878935,0
16.0,579.0,0.030516464535607944,43.052500143796536,0.9016021354318629,0.37845140068841193,2
13.0,829.0,0.029083144225920322,57.23487764973691,0.8765467071104596,0.32248832363711444,1
6.0,1409.0,0.039926266818814504,85.40684381760045,0.8444751902034588,0.3148391669226388,0
13.0,749.0,0.03232088377319431,51.58910024834298,0.8638324494195007,0.32404168368905584,0
20.0,1571.0,0.025831212000903027,46.950465483117675,0.8379366226092131,0.2524247339571551,4
17.0,794.0,0.03977229459968949,61.16887206450767,0.8374512902884876,0.3043058330369977,0
14.0,0.0,0.026865516524631053,32.482983774360875,0.9274862564122501,0.4157555129665598,0
2.0,7934.0,0.027220460890550323,39.99710617125251,0.9033444281989237,0.3452951796384382,2
11.0,5713.0,0.03860836440928957,47.06858152575597,0.8748982559420606,0.33318712462102057,0
13.0,3280.0,0.03343330300142327,31.327821962127096,0.8638671520098927,0.2959643722949657,2
13.0,6113.0,0.02391481814284288,64.91709810156556,0.8429614780531705,0.26393569017633867,2
14.0,1592.0,0.031626915505671746,53.075412412839455,0.8442516127445214,0.3055075720911897,0
14.0,527.0,0.02647843776439556,43.02580427131154,0.8719859270878225,0.35968778159795683,0
18.0,0.0,0.02746118886902277,36.42429819262922,0.9124179799544163,0.3689262555972171,2
12.0,803.0,0.02780770921425765,27.09712577290437,0.9144550307803214,0.423838782508369,2
21.0,974.0,0.031051152925416454,52.55502571355774,0.886168096653752,0.3246400038094864,0
23.0,659.0,0.0302880847377681,23.499597338614638,0.9158940591570428,0.3863552459917957,0
12.0,2831.0,0.04390823031656984,161.00260751496552,0.6901783351617558,0.17595090558950394,0
8.0,584.0,0.026650092571582663,37.973463582337665,0.8589029285262251,0.3085499705575545,2
16.0,498.0,0.027180359897969467,32.443997760628484,0.9064811657983931,0.3395568258380909,4
8.0,3946.0,0.029780200877999895,71.61198159966774,0.8239551917933441,0.26072695184370964,0
13.0,5947.0,0.026864160560440966,36.4931485909174,0.8978567730688536,0.350675190089123,2
16.0,1265.0,0.043751950647265524,75.19630366419881,0.8062680773043951,0.25882555837067445,0
12.0,3574.0,0.031397358628694916,55.549788972213776,0.8538225789477735,0.28056458987333766,1
18.0,44.0,0.028667153218791288,34.158437325866046,0.8843481525845306,0.3790623746022863,0
15.0,1681.0,0.024420599938841374,44.66424801184435,0.8621878856468175,0.290669273023015,3
17.0,1318.0,0.029422355775200536,49.85096118655552,0.8673123588958824,0.3681067410744995,0
12.0,2258.0,0.030194728499892708,37.10874336331375,0.8792319151737708,0.3681456453794748,0
0.0,206.0,0.028897265778444085,14.354120074781719,0.9209566768212356,0.37841898523484874,4
9.0,1925.0,0.044077492201156546,119.50750136112651,0.7669968356679415,0.1923843298072735,0
20.0,4013.0,0.029399808594996125,34.435386664228396,0.8881391795099299,0.3497052901809986,1
24.0,897.0,0.02999142090308769,30.77407088415547,0.8866116820773149,0.3655519687199295,2
20.0,882.0,0.027808849419797877,27.169482974154306,0.9330529987153372,0.42631752362955955,2
20.0,1184.0,0.02745227297108626,69.11744244658607,0.8050621689491164,0.26931348263246624,0
14.0,328.0,0.03398166475068675,45.94146345532807,0.8601401141084635,0.3097595439870244,2
14.0,581.0,0.030674463277519437,46.370542626631355,0.8573226153276413,0.30253468320513,1
16.0,1675.0,0.027551232980638583,41.04123505332575,0.866586342065177,0.34291925465674405,0
9.0,113.0,0.026168140836976696,30.175552493500007,0.9174350423704272,0.4091235450076525,2
16.0,4921.0,0.02563515320214305,61.099277982044846,0.8450676169101288,0.24190629191354654,3
8.0,356.0,0.052166309659281075,101.53831087711062,0.8065593534683143,0.2695779361227564,0
13.0,221.0,0.03216459575444292,47.143210479586976,0.8425096300054085,0.28185717140376787,0
12.0,1676.0,0.026207988456219813,29.567539754229323,0.8675323493284954,0.2594374845038163,4
11.0,506.0,0.028015367688173014,61.24436945350941,0.8527696896748402,0.2961246470151614,0
25.0,1225.0,0.027843117301949487,24.21752646451342,0.9514474379882806,0.5305750243837444,1
18.0,759.0,0.027639213292800776,41.01941432041916,0.9119849520114145,0.3526904567801999,2
13.0,324.0,0.0267081826745802,31.341543665387885,0.9132725082193938,0.4342932986967776,0
16.0,1037.0,0.032242261888152,51.58275202787073,0.8668380388671185,0.3551684299814324,0
8.0,0.0,0.027432614766701183,39.152131949864106,0.9206658057901227,0.3635434646176051,2
10.0,6538.0,0.029320954711554697,37.93715281330198,0.8785487817834703,0.3346571110492132,2
20.0,965.0,0.025299535857846993,32.2526493380197,0.8872943899717387,0.3601583304283096,2
13.0,2097.0,0.04483037973108925,62.31863130061886,0.8347050026942169,0.30239232670298355,0
15.0,1937.0,0.03088143176733781,28.363628039735218,0.8841497212404492,0.30521033367062345,0
3.0,615.0,0.029934490883871723,62.99555300566944,0.8998359748266213,0.3629605412579221,0
10.0,1559.0,0.02768697234145371,26.099152602091888,0.9605012929574404,0.5364001589270377,2
13.0,1696.0,0.02688383433066003,45.669723274259425,0.8967494077744006,0.36947544207481864,0
12.0,2694.0,0.030328046709182464,72.7489246580594,0.7982609663283553,0.26232550799063414,0
16.0,1342.0,0.02728486780526586,41.96823355330487,0.901694204762943,0.383557801764414,0
8.0,625.0,0.030089840970042022,37.4286377583405,0.8908190065908881,0.3590083811529282,1
11.0,2255.0,0.02923085637717083,26.989616002705937,0.8952206375162812,0.36984579011615276,1
19.0,2403.0,0.044448530671036525,45.572847990697035,0.8537876726527373,0.31458550747251235,0
11.0,4858.0,0.02759541406884402,42.514990292291145,0.8638022961732738,0.3117744575946496,2
17.0,2869.0,0.027914735577905685,32.61529878896394,0.8953234461465642,0.32990906142212806,3
17.0,863.0,0.03615500820609738,59.78958870495806,0.8374402141195472,0.30283728212961847,0
14.0,1364.0,0.032639673171162856,40.94850296372317,0.8790670185024743,0.3295013563427851,2
17.0,925.0,0.024749098893411963,43.84640309232008,0.8888791589641156,0.354529675243164,2
17.0,272.0,0.02827209296464389,26.294467615007676,0.9310161987723446,0.45488078468935933,1
12.0,1327.0,0.029745240260344693,36.08790153328694,0.8870883264003881,0.360386175405372,0
16.0,879.0,0.03669625039794389,85.01690840788996,0.8081726939970968,0.2420718153690034,0
13.0,1165.0,0.03303442597178618,50.65186452795388,0.8406419971512173,0.32212416326877114,0
24.0,130.0,0.02784698722001165,35.7524325025301,0.9094877012033984,0.4215707579578719,0
20.0,1692.0,0.03209147171545169,45.669108030929976,0.8689991896858664,0.33732584159305595,0
14.0,1551.0,0.02641996140381501,27.007235352134792,0.9112293924594209,0.40857398319698135,2
7.0,875.0,0.0328043169744339,48.48499251284714,0.858543842385233,0.2591368103189672,0
10.0,2913.0,0.03369780692458264,83.635950371902,0.8028826014751201,0.2421216082318585,0
18.0,327.0,0.029993160001433438,41.68611412543798,0.875902343917616,0.3323799744011382,0
10.0,4279.0,0.03627763101076589,42.951808507637764,0.8611577574581826,0.2802377731141586,2
7.0,1991.0,0.028917996245259234,20.020797874480067,0.9053381256422464,0.38078641559788984,2
3.0,1147.0,0.03512829628390389,93.72018100323709,0.8356068981471254,0.32830770260853204,0
9.0,1743.0,0.03519742687564417,37.77916776239611,0.8758233833436984,0.3632020805180174,0
21.0,155.0,0.029219839418128696,56.20899480584388,0.8462039730696563,0.2964423667774234,3
8.0,721.0,0.02772354702543504,36.92242721461848,0.9183341947351509,0.4184627669345493,2
23.0,6636.0,0.02416798962567529,50.69810910291484,0.8437714499162161,0.27335865856902003,2
16.0,304.0,0.027339305808553364,46.76606322477162,0.8580728337141078,0.33002627205156576,0
18.0,1327.0,0.041792022044961914,60.853930349327136,0.8378113895166784,0.3021427195887493,0
12.0,79.0,0.029922734354100113,41.169089905815774,0.8899030512701296,0.37226129716512063,2
16.0,3247.0,0.04173909593843091,57.68926184945268,0.8547169751132907,0.35918168789343663,0
9.0,2140.0,0.027558149564417354,32.38764935329746,0.9064619956355027,0.4129623256754509,0
14.0,0.0,0.027530313303164567,33.65842853163478,0.9212546077463893,0.418574607828923,4
14.0,2087.0,0.033845428229906244,37.37776908170311,0.8714168956689523,0.31974426217928587,2
14.0,1073.0,0.027933577671797567,35.81437328740506,0.8892275617766816,0.3701974946842865,0
16.0,1895.0,0.029008933710762245,40.36370742532513,0.8931668585831691,0.3567012562144735,2
16.0,1513.0,0.031173854728436593,55.85320641537565,0.8358267862640357,0.2971334275255303,0
16.0,2013.0,0.029862116680970437,69.34652725578724,0.8524903255280809,0.31360275449638647,2
18.0,1239.0,0.029387146333878456,31.068722681073147,0.9263314972151923,0.50011869995533,0
20.0,259.0,0.02664487025873946,34.909268496930515,0.9116231632343904,0.4142201183693477,0
12.0,5017.0,0.02613028305544785,41.32078179533684,0.875927888795599,0.2894739779839036,3
11.0,1995.0,0.03002272872037149,46.42780626218621,0.8536260770994409,0.3000781615273948,2
14.0,1595.0,0.0401274904856107,64.70294275336414,0.8257136403992857,0.2776392995899496,0
20.0,2711.0,0.03184484616305519,53.03926161363295,0.8441652428367237,0.3324820557644764,0
9.0,490.0,0.02610795023399438,29.941876058587418,0.9174877926358638,0.3413233628452314,4
12.0,705.0,0.02806443922209734,42.9471372797774,0.8767862384585342,0.31655156206282226,0
1.0,1037.0,0.03368035827679556,51.63280066906761,0.8643482476183657,0.30410129666541047,0
10.0,2494.0,0.036060623448909035,47.60638205654236,0.8605356154732062,0.3246929081065549,0
18.0,2230.0,0.029640602583892815,41.668628787133144,0.8705625023562812,0.3126509610783904,2
16.0,848.0,0.02812695660550017,31.491961289817507,0.913325903075396,0.44941443480742316,0
19.0,1636.0,0.0418806151782887,64.70770785224408,0.82082229566827,0.2569195557041987,0
10.0,619.0,0.029626153829621856,64.98890443052515,0.815580183343639,0.2820728108216449,0
10.0,31.0,0.02737717305375931,57.583134569255556,0.8226283845876947,0.2996663173049392,0
18.0,70.0,0.028902727011058463,34.26195708583019,0.9159964890758638,0.4384146377480685,0
5.0,4734.0,0.02912368746291781,42.930541825079025,0.8836630953960478,0.31717493250424134,3
15.0,1638.0,0.04111371837595883,86.96328177156235,0.7789184766974191,0.25600269398424597,0
7.0,903.0,0.043801179717899694,47.32476849275224,0.8765794919567775,0.32719529527939656,1
18.0,892.0,0.028953894231142967,50.5390291003535,0.8469407124594137,0.3124160071355077,0
10.0,1121.0,0.027964981408404227,36.18659338599212,0.903769297008491,0.354511229963935,1
11.0,3123.0,0.026664932614607575,48.108811220634976,0.8714801314843563,0.3622749820574761,2
15.0,800.0,0.03189223534602353,35.26934836010794,0.8935336786684236,0.38631057826681775,0
17.0,390.0,0.02655588266177174,22.86131642850487,0.9383842970922546,0.4741988553213249,2
9.0,3719.0,0.03129713705867247,60.22507133817818,0.8304469906833385,0.29946248048598734,0
14.0,2604.0,0.032467532467532464,58.583352132961046,0.840531937993976,0.30920898869570035,0
9.0,5110.0,0.025735022996759106,43.44128668851826,0.8929713071128119,0.3133066958887738,2
23.0,1536.0,0.027503495417119776,44.10360723936755,0.88406368512912,0.37051194142945443,0
8.0,756.0,0.027781910437009137,32.26096127875032,0.8916757185861919,0.3129649347877529,2
5.0,1759.0,0.029777781012229866,24.154508878147233,0.8982440596947443,0.365743474233083,2
13.0,5152.0,0.029562469258207817,35.06358295575164,0.8870134199517955,0.36016773730188567,2
9.0,6012.0,0.02938749477507603,45.5248893911248,0.8702988078760475,0.3516180626262,0
18.0,1555.0,0.030242424359991544,36.77602425599448,0.8770447459093782,0.331109012759093,2
11.0,3329.0,0.04040575273414421,104.64195328354494,0.754756410237194,0.18717663484101096,0
5.0,0.0,0.02448434795303343,77.48668971677682,0.9224094077145027,0.3531687259662944,0
13.0,1690.0,0.03080046809113082,38.58856507858869,0.898900712352304,0.35331771841116494,0
16.0,886.0,0.029653933965441512,48.48155877633333,0.8550762251105231,0.33394388771650585,0
20.0,99.0,0.028603507462954262,25.77424239967165,0.9200453126242605,0.39357861674933475,0
29.0,2799.0,0.03001565332458325,39.51896250244653,0.8762539576802939,0.3076087173276078,0
11.0,1511.0,0.03443085161928443,50.39679665103948,0.8653640591983459,0.3192176966054059,1
7.0,1506.0,0.02930016308922559,43.07763310868896,0.8396118088845387,0.2825621628200578,3
16.0,814.0,0.03403831644122245,48.376511749524084,0.8567496380297418,0.32379127709423916,0
11.0,417.0,0.026752520478890988,35.48788003828122,0.905576771903837,0.38341210141803356,1
22.0,1463.0,0.027185925823522923,48.59470568556633,0.8548973963830886,0.3272813757906153,0
9.0,2719.0,0.03603249381362229,42.218712284517736,0.8598389907378672,0.31537838542708246,2
16.0,198.0,0.029017544991985885,26.162403297874057,0.916039202130884,0.3981405533887295,0
7.0,2076.0,0.029371535289901295,27.657545380381688,0.8983236001866084,0.39176929920915726,2
18.0,661.0,0.028011730387288977,38.24160444653883,0.8879837163143414,0.376043323424789,0
15.0,4895.0,0.033870104826240074,40.923458579058504,0.8701351773523605,0.3211932297219597,3
18.0,1066.0,0.02593540467199816,55.69133120212227,0.8812767186938539,0.30401919424803686,0
12.0,2673.0,0.027463280484490663,75.98250016675482,0.8062896395218413,0.2684322858977589,0
10.0,4851.0,0.03348398169336384,48.40449358399715,0.8587872679964422,0.3131452685630436,2
19.0,219.0,0.03590426357310889,42.81434019108927,0.8854757871930375,0.3685516520977303,0
10.0,648.0,0.029896695947015918,45.88128231768001,0.8706056835467753,0.3430783453833982,0
20.0,29.0,0.028998709890718042,50.745814639730526,0.8979343595820073,0.3580813647079669,0
17.0,1284.0,0.030440653763173824,41.998656842743806,0.8707839219105924,0.3676010848825857,0
12.0,71.0,0.02739809076113062,39.986347101937554,0.8764870513129686,0.36107221312193255,0
12.0,2610.0,0.03281728553057459,44.751436929833346,0.8620779866159767,0.35083244836494476,0
15.0,901.0,0.028580657791699295,48.473629348732686,0.8678258676310768,0.33898072933628265,0
7.0,1295.0,0.03069552466959052,33.143433345836215,0.9055661830768362,0.3477794830842358,2
20.0,370.0,0.030418203188788098,49.02599215196854,0.8898043694058901,0.30074084907887283,0
15.0,43.0,0.03291765477919001,59.216275471473445,0.8732602669024809,0.29222816120234796,1
11.0,163.0,0.036988562091503266,42.786749329855525,0.8840948722122246,0.29954791094407174,0
15.0,2015.0,0.026130357052830788,28.039587132942493,0.8986089224355867,0.3605693903531923,3
19.0,699.0,0.03029680951159011,35.710943644661704,0.8912289669356208,0.38135037240950914,0
11.0,149.0,0.026935096714470752,39.56405629433714,0.9170444189024929,0.35894088003360897,0
7.0,667.0,0.026602025191817456,59.23156971822148,0.892389438758671,0.32698506642487896,0
6.0,1053.0,0.0325984225625413,80.66077255710178,0.8395693277550267,0.28428199565938,0
22.0,2057.0,0.02766716815017217,54.7881316134152,0.8904676509061289,0.30956081394028945,0
9.0,2071.0,0.02877563029906536,27.678104921356322,0.8929670614495211,0.3584031217544938,2
15.0,1008.0,0.030297185972963773,34.760722732903126,0.8778401135804619,0.3574562166823869,2
11.0,1203.0,0.047360972878825576,84.31650003072593,0.800950522819132,0.2564691241951248,0
17.0,3785.0,0.03477210553968983,69.14888736614805,0.8355103200689594,0.30447612304851734,4
21.0,186.0,0.029229385591214616,49.27495569119198,0.8841106939797982,0.3217687576966257,1
7.0,2887.0,0.03094181582489904,83.94205849685878,0.7948558461290777,0.24324292910018744,0
24.0,719.0,0.028126828864581753,56.163689742989206,0.8676639154555497,0.29412312205393265,3
13.0,962.0,0.03028920534867734,46.27016342810404,0.8815116275264528,0.3680849004032741,0
4.0,2470.0,0.03189542483660131,32.305437551173426,0.8963920161006516,0.32642817648192135,0
25.0,1039.0,0.031699813404103674,33.89617192141261,0.8875968198955161,0.34648400027681986,0
6.0,318.0,0.02651089599183504,24.815417379659568,0.9384044070778041,0.47494997305793435,2
14.0,758.0,0.0263105586975629,32.87268472154765,0.9055895365658857,0.42398710282708246,0
14.0,426.0,0.03083314728351081,40.11855807865631,0.8713766239723213,0.34386556614379504,2
21.0,5699.0,0.0304281584498789,65.4797314037333,0.8444310085357997,0.2472866878527109,2
21.0,1816.0,0.03573344048043997,32.118845168962046,0.8905817770411105,0.3353649024107685,0
9.0,5541.0,0.030849397915654192,35.73750885139774,0.8696408318186053,0.3361441073145169,0
14.0,872.0,0.02864964042300982,43.56291385185791,0.8726777065530646,0.3367675485258517,0
12.0,3285.0,0.031999265615706644,46.279259455073166,0.8420149557518046,0.2714333453613733,2
8.0,6248.0,0.02559364768750235,52.622393297628925,0.8602763029342542,0.28035545202846535,3
16.0,295.0,0.026453186445361803,28.19932288625828,0.9236146816048715,0.47142340090681145,0
13.0,218.0,0.029387073061983588,65.08306328894835,0.8184260478941134,0.2823081325102105,2
15.0,38.0,0.029692748505637058,32.92085737066952,0.8792428752564667,0.3121379666085814,0
19.0,2259.0,0.027852438562622983,41.04839237101048,0.8823889035717594,0.3678762743723307,0
5.0,2870.0,0.028766620456659408,25.004156244811274,0.9218525564975029,0.4247597421274021,1
18.0,1491.0,0.03587241769585712,52.80212219280408,0.8469878797968073,0.3183941579012216,0
10.0,5132.0,0.04556983932115758,77.55195464153039,0.805143754949053,0.2648813585838023,0
20.0,2506.0,0.03861190061713703,71.71391297981404,0.8026755931577743,0.27066026311288743,0
24.0,1208.0,0.0345049086090408,81.55783643827152,0.7771648346090647,0.24733756075826557,0
8.0,495.0,0.034108865527118976,39.595493941605795,0.8825558827459192,0.36547448144082684,0
12.0,610.0,0.02986738834219364,27.509321931425653,0.9227564967302686,0.48877382398926883,2
13.0,7195.0,0.026551762939279768,46.81175619123112,0.8602689558375296,0.2853924737649167,2
12.0,668.0,0.027302902444153156,37.297977004986116,0.9135014024681942,0.4062003621842007,2
4.0,895.0,0.02979386629751778,34.14832576240826,0.8715832858267214,0.33236451814285106,2
19.0,1448.0,0.028085476510489746,27.168717809057622,0.9181390091323103,0.48232973555285336,0
14.0,737.0,0.03963180374480105,59.85697826594608,0.8349453403069529,0.29132274920452916,0
16.0,587.0,0.02863012621397397,26.80936230633614,0.9285293026958721,0.45643695817577595,1
16.0,1127.0,0.030302371888089964,40.50974496921573,0.8885351543355626,0.3945014629974304,0
10.0,4818.0,0.049565359477124184,50.10661258891364,0.871391276710503,0.32066034646630875,0
17.0,4775.0,0.027143862471096812,31.531709404480154,0.8991288157460313,0.33453811689527824,2
15.0,171.0,0.028707842300560234,30.51208592929207,0.9133688428514822,0.45481009953345897,1
15.0,2162.0,0.029873373209947863,45.859726956590315,0.8646058862853265,0.3083217703403063,0
17.0,1657.0,0.029411879184181845,39.848567954317446,0.8846936907146603,0.33461995140342876,2
6.0,4040.0,0.02930281377708364,15.459987901291925,0.9309130796744416,0.41367567372795216,3
15.0,464.0,0.02778258509608955,29.652625212866916,0.9135714178492014,0.39426948843049603,4
13.0,427.0,0.029487715654281526,33.729720583865614,0.9000463070069471,0.3970238410720115,0
3.0,0.0,0.02315348262445101,90.41370515763145,0.8947616358381327,0.32355317738974876,0
16.0,334.0,0.02808628896356666,27.895899246598525,0.935426088409407,0.44266453440316594,2
11.0,1872.0,0.026554967446945976,46.5985392078225,0.8646670234349898,0.37388222187668263,0
18.0,2407.0,0.02868453272727984,41.11918655576957,0.8817481291952007,0.3300034394920327,1
20.0,799.0,0.027758269223416437,44.501868172731704,0.8565083881471279,0.29427418121491417,2
17.0,93.0,0.03129403155870745,44.11451959568915,0.8519694763632104,0.297834873731498,0
18.0,1116.0,0.028191264835874263,48.57564225476849,0.870177755197745,0.32847749944441723,0
15.0,996.0,0.03125977292813924,46.40165027447834,0.8744681498000019,0.290465848039646,2
19.0,2069.0,0.028577370919125978,39.90103470072329,0.8933130985540498,0.38671935444634575,0
18.0,846.0,0.03065366302415495,39.01147803872466,0.8874917930213506,0.36419739973588133,0
15.0,6155.0,0.026890037062629563,43.68747257530159,0.8781804887858486,0.29461917423282324,3
16.0,1136.0,0.02872064207432117,38.38114717319314,0.8609313361832508,0.34465857241376613,3
6.0,3457.0,0.030054175118738303,38.031262251301975,0.9092359786298383,0.35412913969926485,0
10.0,1526.0,0.034162882942137325,50.487738823962516,0.8571469619494608,0.33697665457808734,0
16.0,352.0,0.027293421795046402,26.249578927200623,0.9392142327983795,0.44817709679583606,2
12.0,244.0,0.028404836722301156,19.454410328276172,0.9291509884145346,0.44350457670052124,4
15.0,3343.0,0.030094269923134846,21.189026090772316,0.8985404332639628,0.3151603535205687,4
12.0,317.0,0.027338568833603666,25.38528879361907,0.9216212399966349,0.39436979076038603,2
9.0,4363.0,0.035139999675697295,43.75952366884128,0.8603181029099506,0.29946855743509776,2
24.0,1207.0,0.030665640392177555,53.422646086036764,0.8537616495198722,0.31684553033294294,0
15.0,3605.0,0.02547391741722347,57.34186525017082,0.8484943617434126,0.2639823319540662,3
8.0,2576.0,0.027397988517062953,26.910215356204368,0.9366095392244915,0.4444882904254268,2
20.0,284.0,0.03336165110742169,42.93086538260741,0.8663862766400143,0.31645269791043673,0
12.0,4679.0,0.026243594690014988,40.97595444494124,0.8771579428020213,0.34031796086035426,2
19.0,3380.0,0.03245657996130861,36.47765888160903,0.864368545572473,0.30428931943984294,0
12.0,3766.0,0.02645875290547646,42.00871568606648,0.8693954928547656,0.3273088323977064,2
18.0,483.0,0.027426373220359505,30.232757194331576,0.9212909679482615,0.4533551312058144,0
14.0,287.0,0.03302149987799173,55.36282623854396,0.8465449430913023,0.32262137651040473,0
17.0,2052.0,0.029320279435010962,63.0632581370287,0.8862231523252159,0.30585027131370734,2
16.0,1023.0,0.029450109021764502,50.26698565399869,0.8727749274404083,0.3399798574529115,4
14.0,0.0,0.03068935424722098,27.509129031772368,0.9234043061757293,0.3920041693607327,0
11.0,2413.0,0.03969371383666921,128.62010679347554,0.715854823690093,0.19942944689009187,0
12.0,204.0,0.026268028479035827,41.58588911192061,0.8959764858570721,0.35224460178757655,1
13.0,1984.0,0.026485321528424977,27.82975340618795,0.924009760817763,0.4283138807353488,1
22.0,254.0,0.026459281975588174,36.53859751329528,0.9173293399123119,0.34352716802552236,0
24.0,1276.0,0.026147834277880193,40.58226314045665,0.8759628551863253,0.3596828617890736,0
16.0,1469.0,0.027074200546297892,43.28728114631862,0.8829267028747689,0.3531550318585839,0
16.0,609.0,0.02870973799919604,46.56930650002157,0.9003108258669482,0.3304395710145902,0
9.0,1910.0,0.02798841536521184,59.53806950838669,0.895611558377535,0.3431210682350167,1
10.0,8225.0,0.029945611602858056,49.588460048380945,0.8510837742299368,0.2644327668659183,4
13.0,3053.0,0.02739768749171598,27.911964239640298,0.9034950905883365,0.3614845874569873,2
20.0,0.0,0.028299005534877214,32.50110892739102,0.9213715702328753,0.423851995887316,1
9.0,554.0,0.02735829136296806,32.51914436414052,0.8943377638715543,0.31774594217772584,3
14.0,961.0,0.02857275858858579,40.718238037007154,0.8943477519925986,0.380879498799601,0
14.0,768.0,0.04325353856574485,62.411357847771384,0.8335402711231185,0.29345557310333636,0
15.0,2075.0,0.033975457684377874,52.45123986186283,0.8470419886518127,0.3181816428709856,0
19.0,1436.0,0.02885238681583167,40.36062441889796,0.899204612972379,0.4005409794815646,0
15.0,8667.0,0.03348580775162943,67.6281420340627,0.813048869614846,0.24342087327455808,2
17.0,2012.0,0.026924559625440686,30.16628936570674,0.9151968421396671,0.45932005353647026,0
17.0,441.0,0.027424036245506673,26.770458092900025,0.9053209191594038,0.3729014793721169,2
13.0,905.0,0.03074722400826476,22.787519690802633,0.9135427301664504,0.43197579336643754,2
15.0,2081.0,0.026829138467058453,55.78100479817239,0.870071777365997,0.30987274203265164,1
15.0,183.0,0.02718923677770409,26.921515918989524,0.9229460984166975,0.41945333752337133,2
15.0,2824.0,0.03638513471017501,40.49333378064777,0.865742928254606,0.314185829363758,0
10.0,0.0,0.029024518379306422,21.06785622904224,0.9185180470625252,0.4388297000250515,2
11.0,1667.0,0.03148282981418498,48.32105082934126,0.8454813918127893,0.3033478671465837,0
21.0,1418.0,0.04313953180672668,77.06390266699209,0.7983882815674155,0.25279488723369187,0
12.0,1006.0,0.029587467630695075,36.24699519724172,0.8889273802347978,0.2968884390268498,1
9.0,1592.0,0.044881693022018415,61.09163368388853,0.8437862014410467,0.29167238023178443,0
15.0,2503.0,0.028072643811874378,43.83220090208512,0.8928514277150896,0.3072296848240126,3
15.0,3379.0,0.02718171036330881,33.63541161387631,0.9144717122419832,0.43448282613515243,0
10.0,2402.0,0.027193902235043803,30.84631716281218,0.8993173826083396,0.39076081634795856,0
21.0,517.0,0.03052248902733566,50.440027924770284,0.8817900395025395,0.28318512077595714,0
25.0,3137.0,0.029616059398838775,35.80775304828431,0.8604166999049707,0.2854006638180779,4
13.0,928.0,0.03548711029311181,60.26538928857869,0.8328961214761833,0.3055640318695928,0
15.0,343.0,0.02933071700672856,38.61158191333776,0.8978049964193551,0.37313700387426313,1
20.0,2961.0,0.034418451410570615,55.83288127059427,0.8453944142236705,0.3051478526682506,1
10.0,409.0,0.027382270074461663,48.49922768915232,0.9035238588514594,0.36742918500738436,0
11.0,1511.0,0.04119282676904972,62.340879067352056,0.8365320349091689,0.28708905637681237,0
14.0,2917.0,0.026511198445059145,32.40983969583273,0.9129558546234151,0.38611672032273875,2
19.0,1272.0,0.03353755348445026,41.047927968909804,0.8724976460019106,0.3441321085552387,0
16.0,1874.0,0.03034405347639608,43.24172440140053,0.8941280058568553,0.3472266694582919,0
13.0,2164.0,0.03389304110303789,42.542309196659986,0.8823546559591531,0.36895071067702323,0
10.0,3805.0,0.028931360805685445,45.155609418378305,0.8799928442001353,0.36851709481725836,2
19.0,1049.0,0.033683667507800163,56.43452287952269,0.8498051170895422,0.3128811563833081,0
19.0,4098.0,0.026020182747309033,38.00035361617464,0.8871259801243149,0.29773968591768796,4
8.0,4554.0,0.029285698256322792,83.10214467119216,0.8004307227472243,0.2527380436867689,0
19.0,2062.0,0.03256469887350034,52.53232090956432,0.8610301900433666,0.3374530894847697,0
14.0,1651.0,0.038186583965581264,62.34467680560641,0.8240424414075986,0.28044080989882003,0
13.0,234.0,0.03409923026813907,54.27307001534432,0.8456754564661184,0.3032408981537937,0
16.0,7391.0,0.025099449367616454,47.34191173466335,0.8674868704783381,0.29461135020372853,3
8.0,3671.0,0.048386764073914915,55.62850854362216,0.8539675297518647,0.27442179509578624,0
16.0,813.0,0.03483483296781524,53.845454147851406,0.8488441396459955,0.3362947343131813,0
21.0,2505.0,0.026932689246559543,47.69799512817603,0.8531248531026896,0.3387036760041182,2
18.0,1384.0,0.030709791230565685,39.502729824381404,0.8803364134497971,0.3686201068776179,0
9.0,1281.0,0.03160785439925333,60.92867980386834,0.8778873839931665,0.32534213346363244,0
13.0,2347.0,0.031947345811408304,52.605581653981346,0.86383740534245,0.34016208258090486,0
6.0,4180.0,0.02723356550040052,41.268491426653696,0.8867520765804136,0.3442833234888952,2
12.0,1509.0,0.02942557661009901,57.28620093243112,0.8583475868471844,0.34097410651291393,0
13.0,3883.0,0.02937779754389992,37.47136505532397,0.853347844778253,0.2669219099047285,4
11.0,3965.0,0.05422585107459766,62.75354496273961,0.8509985905549029,0.2700116477278502,0
8.0,2533.0,0.030215562906747963,42.714625584306674,0.8544132591196002,0.27764327519871007,2
10.0,5008.0,0.030196318898978985,41.29624361561396,0.8970532567148388,0.3367527231117169,2
14.0,3541.0,0.052596852510978745,61.703830159280635,0.8401022908062159,0.24442698529093576,0
13.0,783.0,0.028694703401026433,48.38902514455147,0.8610710267912732,0.3424041379793622,0
14.0,0.0,0.027539174549221012,36.63116152399947,0.9340799202190415,0.457626266900291,1
19.0,324.0,0.03960742206013292,51.466525153396496,0.8567310294830568,0.3169292109642795,0
21.0,2911.0,0.028299916046210058,30.725179124013195,0.9193097138191546,0.47001307982054685,2
8.0,827.0,0.02644588013891314,33.83535337550885,0.9190692235639176,0.38539532352235983,2
16.0,2647.0,0.03615987784404081,57.76373742392012,0.8369890421285208,0.27192876076593714,2
16.0,1088.0,0.02884117119740978,39.489265609528296,0.9199764398215244,0.37726107036954937,4
15.0,1407.0,0.02744109508229806,32.276194440776074,0.8902943529706494,0.3555846663874432,2
12.0,3213.0,0.027524927084039884,38.64735946423896,0.8843364117494724,0.3577364324000579,2
6.0,0.0,0.025671806029685763,81.07622834598384,0.9110022094695625,0.3244510013136551,0
14.0,384.0,0.02804068127122606,25.453251780361477,0.9207115015771894,0.441162696826411,1
14.0,591.0,0.026390558578209624,31.69498312421734,0.9130685519732367,0.41923205829023047,0
15.0,5444.0,0.02748661789589901,51.26943019291367,0.8562550772487886,0.3065378220714465,2
20.0,496.0,0.024135622795339845,61.19122043913754,0.8051695101802714,0.21320777988500145,3
10.0,0.0,0.0288731059661443,46.45708738460811,0.8355800344975213,0.28495798432810987,0
6.0,6606.0,0.024954265673482176,57.51174883674382,0.8498226308988486,0.28991008665049384,4
7.0,5030.0,0.031217315010186562,34.446735782660106,0.8829247468479,0.3170656404538986,2
19.0,1755.0,0.027560552491762688,34.20182031534988,0.8850070405808623,0.32704714695549475,2
14.0,1357.0,0.02688962512529716,24.2527023314493,0.8864507557100733,0.32678053784549943,4
13.0,1713.0,0.02852505043483664,41.229426665071536,0.8838581124390033,0.3186283898739748,2
20.0,2714.0,0.028668410036193217,40.95642960013904,0.84382159372181,0.2810698381609312,2
17.0,1280.0,0.029060351112249524,44.151792206959,0.8811705288549005,0.3677950962582634,1
6.0,431.0,0.029993687739583726,59.54026894258417,0.8876890000990049,0.3670501436589833,0
20.0,999.0,0.03328739185904659,51.52236065151769,0.85266704255409,0.3194771461419273,0
20.0,1332.0,0.029126454963151034,53.80078992506088,0.8458762922177667,0.3148454246637542,0
15.0,3125.0,0.038091937285566105,79.44134995294709,0.7826542769464062,0.2249764376239216,0
24.0,1380.0,0.027381158303586874,31.595780521558428,0.8843382149698091,0.32648396084520503,4
17.0,600.0,0.03154576579343767,39.005884037802645,0.8946860160330627,0.362285126126563,0
12.0,4998.0,0.026618404404737492,36.31712357333671,0.9186947820078505,0.36037000818765097,2
11.0,1043.0,0.028742719312532476,44.94408448244832,0.8879595692848841,0.33402982490397537,2
12.0,881.0,0.03048353951046016,63.65445938705113,0.8411444799398882,0.2897171929792489,0
25.0,641.0,0.028625972269832222,39.238701610973024,0.8865725812241585,0.39463096883695126,4
21.0,1822.0,0.027689555438217654,38.22648503457279,0.8837136401954249,0.3042819399588672,4
20.0,144.0,0.03223259074791736,48.19593298211669,0.8542668110785947,0.3170842420094274,0
19.0,680.0,0.02632391373022027,32.60750431446871,0.9066862888722811,0.3444308638854725,0
21.0,0.0,0.02594036747169647,23.48948235125252,0.9495180427418138,0.595852481890798,0
10.0,1101.0,0.045917803270366604,91.13812123096079,0.7823934164916926,0.23393456131759743,0
14.0,954.0,0.03447395778216293,64.48525897300443,0.8258691601874393,0.2861663762063598,0
13.0,654.0,0.028373106049427166,26.517707776322425,0.9208846256505494,0.4147861019147265,0
8.0,6539.0,0.03150162175306211,49.67322301381658,0.8731506693225682,0.31757870225610685,1
7.0,2495.0,0.04035121844171131,98.72805972230904,0.7765308784574275,0.24265533547328544,0
11.0,2354.0,0.026967042233726077,56.27005126709141,0.8636915871759712,0.31083679793042385,1
10.0,194.0,0.027087983084693998,34.274405015412256,0.9238950897650811,0.40480422455045606,1
14.0,1126.0,0.028223253954410853,35.0769001093601,0.8803413793351405,0.3473208422804618,3
19.0,217.0,0.03404699088666309,38.181964094907755,0.8791935953576819,0.3575578070019558,0
16.0,1143.0,0.024970282706959373,43.400426117722546,0.8620345879026658,0.3174314250448427,2
17.0,816.0,0.02871717882309479,34.52809307775348,0.9122583947593016,0.3844105564923649,1
12.0,3843.0,0.02987982353638833,46.61514040967563,0.8493417615808558,0.28545658244746297,3
20.0,2636.0,0.04700863338209984,70.82551784440108,0.8193114449270407,0.2723309638129338,0
17.0,2096.0,0.034384236629796325,37.85278414230049,0.8787626613252019,0.3371581292852731,0
11.0,0.0,0.02783653023199076,49.30415680480202,0.9156509320297257,0.36799254785787483,1
18.0,1997.0,0.026230906306175902,44.26763544998583,0.8599173471904029,0.26685043928140484,4
10.0,0.0,0.0294923413883086,18.41490335740879,0.9198800630458771,0.4589592851695725,2
12.0,65.0,0.028293649588483617,28.111104011740515,0.9351767441316583,0.44994393128913845,4
16.0,1670.0,0.02711834617722963,34.98336873156663,0.9053626814650426,0.38168194792946253,0
16.0,2741.0,0.039818876556044,62.32050205533495,0.831722225780118,0.307002324055185,1
15.0,1257.0,0.02916548407259034,42.22170539195638,0.8815241640150266,0.3681515402368151,0
6.0,1055.0,0.04019406917897026,87.03494615812617,0.827082905052847,0.2866139992766803,0
9.0,865.0,0.028587895215539366,16.490753907236833,0.9238240646638233,0.4167413929174328,2
12.0,100.0,0.03316933672194113,35.88574534954028,0.9031689525117537,0.3991150208173756,0
12.0,861.0,0.035288098463667025,38.295811720355914,0.8713396593931748,0.36407108915460223,0
20.0,1193.0,0.027390950340403897,31.110841291949274,0.8948049228849309,0.33827883555788507,2
21.0,21.0,0.027119439046789456,69.92062224335356,0.8246636870545483,0.24799632230779212,4
14.0,733.0,0.028038941574066355,19.61582972970629,0.9336227720936865,0.43674290271545724,2
9.0,408.0,0.027195492948917606,43.01025482617423,0.9105800544986167,0.382399165317446,1
18.0,1711.0,0.03357181655932335,46.87116200618326,0.8751960800383152,0.34949895385699725,0
16.0,1050.0,0.02924383116941285,24.01256733369101,0.9091804651850511,0.37145741663854454,0
18.0,2726.0,0.02605848011359223,46.35109316736921,0.8658423743417479,0.34921888143847185,0
15.0,1763.0,0.03019571404360759,40.74466735522688,0.8621315743403848,0.2867158389903644,4
23.0,743.0,0.02689569495390106,45.53457955636256,0.8756354898339284,0.35949191553083876,0
12.0,1107.0,0.039858733084130266,62.21706891150229,0.8202378356482737,0.24399184766666335,0
15.0,1140.0,0.02654814056358076,38.30749426024154,0.9054132337219021,0.3795146390400422,4
13.0,177.0,0.02669241143766434,30.573307905688957,0.9246024926907859,0.4177893054313959,2
17.0,3857.0,0.026183406310997897,39.51997351944913,0.9017042208738417,0.37688351790094443,2
6.0,196.0,0.028487537377073956,15.286048106755672,0.9316281009103896,0.3764737106873909,2
15.0,3611.0,0.03175816993464052,37.059030812046544,0.8808706193513827,0.2962536356155308,0
17.0,918.0,0.026002215395204278,43.7747591308642,0.8675252871549267,0.30908403777613735,0
20.0,1154.0,0.03332753597982521,53.437615833055176,0.8571162327990517,0.33830229369187564,0
13.0,2134.0,0.03090039573986233,48.31339875580837,0.8684986747279712,0.3389886163134919,2
15.0,2231.0,0.026716284192849025,36.611607243522585,0.8959566525145435,0.3616540329996169,4
20.0,736.0,0.03454718269654077,62.85057461139582,0.8165700800267478,0.2811660172268777,0
19.0,517.0,0.046187679861293775,87.88536830903446,0.7760974138695429,0.23127155349531672,2
10.0,344.0,0.029607051816082093,51.1731844951432,0.8442911706978882,0.32810386062031455,0
6.0,1671.0,0.02913537542909,23.557508921798828,0.9142367180190023,0.4752314755317707,2
21.0,957.0,0.030586602420671755,34.908619237426834,0.8769172673961665,0.2963250916905584,0
11.0,3920.0,0.031154845824797116,43.209873331222596,0.8570205595183285,0.2705125935738414,2
18.0,433.0,0.03006442633300809,25.33034191789166,0.9121218278689783,0.38832309451878505,0
17.0,110.0,0.027951403224706232,35.240167214929095,0.915330654137438,0.4036797666035492,0
24.0,2398.0,0.026731066400577735,40.965110214860886,0.8805599008947123,0.36680429742425563,0
11.0,644.0,0.03041606791975939,25.947342966645575,0.9256793717023382,0.38707564569742126,0
5.0,376.0,0.029929969968394685,25.753812521646314,0.9058201273469247,0.3723839828021587,0
15.0,233.0,0.026961774550848534,27.619556357964242,0.919898854763896,0.4125532591236909,1
14.0,5142.0,0.027275402384298784,35.67591901678954,0.8672967125253472,0.3414487084413016,3
18.0,860.0,0.03702509271777825,48.30756516204223,0.8686481281271274,0.347846131216197,0
19.0,741.0,0.029140153427867518,31.479168398282535,0.8956170055461024,0.3434484100240992,0
4.0,3604.0,0.03150432857256842,79.3595058319024,0.8065800972080608,0.2795166795526012,0
6.0,538.0,0.03670362139607686,161.0084503108033,0.7765863250379124,0.2103601402874757,0
12.0,60.0,0.02864147121072981,31.333462956400247,0.9174826213922783,0.4139882645866119,1
18.0,1134.0,0.03092753939074124,43.162483357477925,0.8716949810793708,0.3039210688393651,2
15.0,4355.0,0.026705296847245156,45.41455195730292,0.8720487650267665,0.31541109594312033,2
9.0,3487.0,0.04744939668421569,52.96427117365137,0.8635297364036885,0.2695891685377309,0
21.0,1076.0,0.03201891299927198,47.49554500783966,0.8660667332965071,0.3516618233202708,0
14.0,1687.0,0.032840055998722174,54.87164205676611,0.847673176412802,0.28021581531006967,3
13.0,1558.0,0.04193161749086336,63.92191562605659,0.8365807167630984,0.308815258427744,0
14.0,1099.0,0.028198074277854195,43.92192995657973,0.8732567332206472,0.34831529981605913,0
20.0,1623.0,0.03429015463516979,55.16108360188686,0.8479824648701584,0.3062083266331825,2
16.0,1878.0,0.029583953350887784,40.7298888434358,0.8928745734452944,0.3604670917010126,0
15.0,461.0,0.02757167196840623,36.626958340291274,0.9146721469755643,0.36470002685838676,2
6.0,3161.0,0.04960268333184773,53.09659524388083,0.8497366128411019,0.2638149441897977,0
14.0,3672.0,0.03345492767366949,39.20952053602241,0.8712601491772534,0.33458378352243145,2
11.0,6002.0,0.03077866676072511,39.22164486251146,0.8799820847654107,0.3323221210890134,2
6.0,1345.0,0.028811853690030913,29.45704428237689,0.862585326968439,0.29127795200304296,4
19.0,360.0,0.025088570137659423,30.501784763457966,0.910779599464161,0.39797321221533777,2
10.0,779.0,0.0423549385798462,54.63681629816259,0.8703380391715696,0.3064933379319356,0
15.0,1380.0,0.03234650490037158,133.545048701954,0.7120697125671291,0.1850493303787224,4
17.0,1600.0,0.031489817058565524,45.173537051225864,0.8884136381766449,0.3756878643751858,0
14.0,2692.0,0.03613436930014793,53.882225174709646,0.855891486946098,0.32751177177348645,0
8.0,3865.0,0.030717683923212825,52.484369334208615,0.8442380146740094,0.2764578380913661,4
13.0,1109.0,0.027208489926916688,35.56975642705907,0.900638777188377,0.40092448388779134,2
25.0,1225.0,0.027843117301949487,24.21752646451342,0.9514474379882806,0.5305750243837444,1
13.0,5152.0,0.029562469258207817,35.06358295575164,0.8870134199517955,0.36016773730188567,2
10.0,93.0,0.029903090110341098,43.31591563721179,0.8553774748433836,0.3237721257505066,0
14.0,2455.0,0.029116768651561875,26.97432553297763,0.9095107290511675,0.4051413104369988,1
19.0,952.0,0.03258329781243097,52.851354738362716,0.8444598514154918,0.3198418601085572,0
13.0,1528.0,0.027687252186193036,38.161213760127154,0.8893379914627667,0.36288657039534034,3
14.0,868.0,0.03826143790849673,30.648481929213474,0.9014572235778382,0.3322086804750787,1
9.0,837.0,0.02883533299056919,47.75118032324278,0.8778937867020951,0.33605295307208344,0
17.0,3785.0,0.03477210553968983,69.14888736614805,0.8355103200689594,0.30447612304851734,4
16.0,261.0,0.031657130414796716,51.964734660623314,0.8523975897293072,0.3158703091821762,1
12.0,1130.0,0.029682913219631724,42.93642364731639,0.8807804269231511,0.34750384287642694,1
4.0,260.0,0.03550536249903758,37.991391510877875,0.8955026180926751,0.3248675844592454,0
23.0,1131.0,0.029626056440318408,34.51182053470434,0.8851922808795669,0.3473032516717457,0
14.0,1674.0,0.029772129607427703,39.55575403308818,0.878028032320324,0.3266695337552383,4
13.0,1595.0,0.02888426288002672,41.929600613334415,0.8803705340745427,0.3039460112729036,4
21.0,453.0,0.026540994903185355,33.38136860065041,0.8948310866911008,0.4197486052783772,0
17.0,771.0,0.030802922886926334,49.90512372139644,0.8550136225950692,0.33878016761447693,0
20.0,1463.0,0.033846153846153845,55.65084073911166,0.8460743200698158,0.3132063033692937,2
5.0,1003.0,0.03532649612688427,98.48891780753897,0.8258214118904602,0.2731425218550406,0
13.0,1661.0,0.028107479628334105,49.53354807960073,0.8770313307674393,0.3534601497777513,1
11.0,546.0,0.026476935660297407,31.162709472247812,0.944114341434001,0.4847263919877236,1
13.0,1332.0,0.03081765071294431,41.24574956981874,0.8856599241880959,0.3351975358366938,0
21.0,430.0,0.027211434148888883,40.14338495983568,0.8794595122787946,0.36569828570590124,0
14.0,5709.0,0.02579918108305742,41.692451321435456,0.8906377437474868,0.337158765141406,2
16.0,2506.0,0.035055511030759386,72.65732121862348,0.8293220130482111,0.25143919555458133,0
15.0,770.0,0.025560549573434007,29.131070053912552,0.9134841367532083,0.4262546381741809,2
17.0,826.0,0.02605377126219946,53.4848719045096,0.8725471895432801,0.3013045996374665,2
11.0,2361.0,0.028880064225707488,40.307167791049906,0.8932142933330762,0.33845244240598227,0
14.0,1281.0,0.028296339736041492,31.287785341996766,0.9145392622154526,0.4532755580321633,0
13.0,1353.0,0.02870845874577218,35.688309967952875,0.8890541766932551,0.32650330652231274,2
15.0,1555.0,0.02892780502067432,20.949928899439303,0.887980477826843,0.31313660580683184,3
13.0,1771.0,0.033548043288997124,40.080832099901116,0.8931319312148536,0.37425504030673357,0
17.0,1832.0,0.039269812585437616,62.87658351478099,0.8285426178040742,0.28981228155647726,0
11.0,684.0,0.02900168483191398,43.496545897250684,0.8738324717734915,0.3176212603264513,0
20.0,159.0,0.028171879683600236,32.070173822126414,0.9132213675990044,0.4158649956083941,0
21.0,1602.0,0.03278570813108539,38.82277556516682,0.8859561343218328,0.33774521277878755,0
16.0,1327.0,0.0276852844839456,36.66353426209416,0.8810773325364456,0.37230826031171005,3
13.0,958.0,0.028810850235098773,42.34864377608,0.8751879618385605,0.3705204455252089,0
12.0,324.0,0.02606328427450749,37.71899187833038,0.9298257771028171,0.41334330194978003,0
14.0,4937.0,0.029110400211382573,79.68471011626157,0.8181572253755263,0.23778007082231029,2
13.0,489.0,0.024117011969582925,56.731849587153164,0.9169794339605201,0.3864215431346436,0
15.0,313.0,0.03184059672200382,35.838369418252825,0.8992368833020303,0.40162750830460797,0
14.0,987.0,0.036332296047236076,64.28796453867172,0.8312534751288524,0.20434273922048962,3
17.0,866.0,0.030686554266322205,28.374307774730255,0.8896003582839036,0.40279113426848334,4
17.0,1496.0,0.03244480658053001,41.640659594736206,0.8875802678310392,0.3417662414019398,2
9.0,2060.0,0.02852576263655898,59.73622635419672,0.8778899963361575,0.3075921681756301,1
17.0,35.0,0.026446798647427182,36.713209552718865,0.89823092668609,0.3835658428503905,2
21.0,698.0,0.02895303869123609,85.74132378054864,0.781035136878043,0.2640997117620493,0
11.0,6218.0,0.025203731107149015,56.572553804705606,0.8942159460886756,0.33076218685456465,2
13.0,5366.0,0.0317187816122208,53.138421046837486,0.8603652176238021,0.2802059703875291,1
20.0,962.0,0.03703916264409893,61.69467954796844,0.8612907578318422,0.29057791019057394,0
29.0,26.0,0.029249096764853762,35.19076742505413,0.8868468618174025,0.3524064010061309,2
12.0,2543.0,0.033092760922200704,62.359639378087145,0.8622122678437895,0.2881460728938634,2
12.0,3713.0,0.03297130815367159,40.53589153519508,0.8503610244180554,0.2655901307495958,2
14.0,0.0,0.02847994905450107,37.35546361035922,0.8946969761045696,0.38635682545328937,0
13.0,1309.0,0.027581631668776318,34.60834712845812,0.8744317242756781,0.3562982396138118,2
22.0,1400.0,0.02782708172399356,34.96172628489882,0.8963678829422608,0.3889224817727828,2
22.0,1553.0,0.02595071909386721,39.812427320121515,0.8801987410287722,0.3844086310688346,0
10.0,42.0,0.03135094704454817,20.313689431282924,0.9225545963080243,0.4085510847158287,1
12.0,3208.0,0.02935331979783144,36.60102319163249,0.8934877342867891,0.3789196672340069,0
11.0,1307.0,0.02891768377740619,30.75884486074933,0.8958858941810803,0.3776030026668059,0
15.0,890.0,0.03193029548921469,48.29553785500672,0.8600274388713341,0.34080512296858656,0
2.0,3141.0,0.04548529411764706,43.6567040771486,0.8766555030929173,0.3054506145110281,0
6.0,625.0,0.026514834585585435,47.19033509812016,0.8731498705452337,0.31443635619933635,0
5.0,920.0,0.02786171960226204,55.88251348677155,0.899885010314269,0.41689347569049356,0
12.0,58.0,0.03128702593381419,45.89544133667924,0.8432885611845766,0.30676160866867075,0
17.0,897.0,0.02775074824858362,34.3867904692335,0.8916265756842354,0.3574425967833195,2
11.0,3242.0,0.038175659231402974,61.14742475856722,0.8159210097885058,0.25346999831160005,3
15.0,118.0,0.03396905807956992,46.77896859974031,0.8477482669633938,0.3228948035082859,3
13.0,523.0,0.02791894170389455,46.323254630259996,0.8940723314151685,0.3268051893179018,4
22.0,1834.0,0.0282167376663642,41.27613801666496,0.8707412817555047,0.3507270485318311,0
8.0,601.0,0.02647166064141751,27.685899133707167,0.9163552399148183,0.4163709356353253,2
14.0,3917.0,0.03739081449845904,64.62255878587902,0.8146195673351064,0.22662770006338273,4
25.0,1606.0,0.02966610878401247,48.70925409509333,0.8634387511077029,0.33872866277502955,0
19.0,941.0,0.035765857207030065,55.506446934124384,0.8410134003094345,0.31256653076611407,0
13.0,1111.0,0.033026621708586314,35.403294201349055,0.8866902194736714,0.3337650505116851,0
13.0,1174.0,0.0273821042857841,25.539383630022236,0.9247607472465335,0.37724887491426373,3
11.0,933.0,0.032840735211215256,43.954566251203545,0.8919220796849583,0.3522228049608547,0
15.0,286.0,0.027239513301551638,31.54661885892217,0.901968035516157,0.3306230118065609,2
16.0,361.0,0.03587718002348166,67.15564968209375,0.8168016947745781,0.2853330630345723,0
15.0,2982.0,0.02828728448479021,65.81818412809025,0.8337841993326058,0.24743270264623707,4
11.0,886.0,0.027794274854495784,14.040020094435498,0.9460162644501755,0.5412416131807714,2
20.0,1624.0,0.025502356812384063,39.40477831570215,0.8877761782018977,0.39252482800897476,0
14.0,4389.0,0.030891503673406092,37.703108183227386,0.8765607655680883,0.3099629289339643,2
9.0,1640.0,0.031681935147795506,43.337201225269936,0.8744207664557104,0.36762274075547346,2
12.0,2005.0,0.03325776517271834,39.85840491896012,0.8863117457484997,0.37952597086468537,0
24.0,764.0,0.03297682709447415,58.27111049091223,0.8273960057488948,0.2880846098908614,0
15.0,1259.0,0.03760688280139472,64.95421517956204,0.8118067412399479,0.2678939223499079,0
20.0,2597.0,0.029078482510781965,37.243769535566734,0.8860318754360242,0.3750172442837004,1
17.0,1084.0,0.0363098912615864,50.85138256230847,0.8584551607397026,0.33294993475886947,2
10.0,601.0,0.027209327138520034,22.278162124449505,0.9265608032164478,0.44484209271652214,2
16.0,1280.0,0.027844288806642567,41.4743965371053,0.8762015264701014,0.29554922661941113,0
21.0,520.0,0.0278315838425478,28.294450360021543,0.9244228573291988,0.4477691701544728,1
8.0,1183.0,0.027863933045962536,15.074064474513388,0.9374384520480372,0.43546242651469763,3
7.0,3449.0,0.027590650290020415,21.238880091941336,0.8879979417067687,0.28727624692061043,2
12.0,4004.0,0.05220588235294118,56.6754531263021,0.8557476789309753,0.2711797701331294,0
14.0,2815.0,0.02663182420964847,45.22722091487609,0.8953719424629665,0.329648955692656,2
16.0,348.0,0.028058483890734853,42.57691395832124,0.855654513449679,0.3487848687974084,0
8.0,2314.0,0.033847479099875476,43.2920963670888,0.8682507184738336,0.34189562659416023,0
19.0,1786.0,0.030347768392381146,42.77573593486835,0.8615614498152782,0.3172523717358009,2
10.0,1272.0,0.025822073873652786,36.44888447358298,0.8978061957887971,0.44068745793264896,0
9.0,1532.0,0.03150165077841721,31.584046654392722,0.9112225458063101,0.377965837909061,0
11.0,2320.0,0.027670568876625355,26.653760494250992,0.9146090735974963,0.4144071352629539,2
12.0,1632.0,0.029302743289192686,34.587310138091794,0.8877083018621191,0.3736338410014608,2
17.0,2015.0,0.02645304647266861,25.038701814729947,0.9161211479467486,0.41840923422079346,2
14.0,1331.0,0.030959489811565835,56.00441543993923,0.8208244029996183,0.2691146970394629,2
15.0,3008.0,0.027508676304639428,32.828043675811266,0.8844920054719101,0.3417415242200341,4
26.0,1605.0,0.027086691566738746,37.821345652260476,0.9038402213863937,0.34349000268796076,1
9.0,1202.0,0.03181190067417612,48.806915731420574,0.8554950689976535,0.2582838195705723,0
14.0,1260.0,0.027931155328842334,43.79146473370501,0.874855431929105,0.3542301007396685,1
17.0,334.0,0.02819112897154718,28.490554950707423,0.9204016894959772,0.3821338727698512,0
10.0,288.0,0.027999495469075802,30.286856315830203,0.9120046584524875,0.39654047602401915,1
4.0,648.0,0.03519953798252368,91.13685732422047,0.8271189654113873,0.301767393065368,0
8.0,394.0,0.02879530754636717,38.98059091704801,0.9101753922689417,0.38569910793853446,0
21.0,1531.0,0.026467361065781417,37.97098036978234,0.8847057927637099,0.37935136579315737,0
14.0,298.0,0.02643668058039438,52.008347603004125,0.8960879707251186,0.35679075970110685,0
12.0,3341.0,0.03106723069417313,45.98715225580325,0.8690531272831625,0.3411763601292395,2
14.0,1432.0,0.026992399700584854,51.41350407651136,0.861683725049926,0.3361939605364128,0
6.0,3563.0,0.026406092987675978,44.97582624083667,0.8742630733921932,0.3228012546107745,3
11.0,2082.0,0.028527636634876244,34.39417615860199,0.8822523939163477,0.3317886897690273,2
16.0,673.0,0.026845064827860154,41.17008613639178,0.8947858061479028,0.3556637995193493,0
16.0,977.0,0.029810940325672917,38.005499446618614,0.8860159377565757,0.3634453641926011,2
19.0,213.0,0.028736672950927484,52.66405268458854,0.8307768307174387,0.2977595138192163,1
15.0,670.0,0.027184927884946166,42.41748399792263,0.8987779685801054,0.38026736903177627,1
3.0,119.0,0.028798851839722837,21.128468160242527,0.9133026269848633,0.3983355484157863,1
15.0,1730.0,0.02629765946486094,31.540167831768184,0.9094065883405319,0.41179446643092404,0
7.0,760.0,0.026463529697330353,41.00793707907803,0.9090553984619427,0.4082766525588192,1
12.0,1412.0,0.027684297046439675,36.81545112103248,0.8524985541475578,0.2741126709610038,2
25.0,1225.0,0.027843117301949487,24.21752646451342,0.9514474379882806,0.5305750243837444,1
17.0,831.0,0.02915260739198171,27.465791280852393,0.9128604653917582,0.37827550447958963,1
25.0,576.0,0.030958018781434653,40.905651438678944,0.8862954546852653,0.3706669711630758,2
13.0,714.0,0.03114948396884871,24.173863258969728,0.8865246680551441,0.3603969194239506,2
10.0,3896.0,0.02708021098935321,35.00690568364401,0.8891579374131885,0.3438071420157993,2
15.0,0.0,0.026639050179002935,20.493962250393373,0.9480352122028846,0.5088251282982607,2
16.0,503.0,0.027590313225172365,26.35139547023924,0.9353272528706731,0.46705712134865907,1
8.0,2942.0,0.029593145334705927,46.71569625279785,0.8897942994486501,0.3423920356093986,2
17.0,4047.0,0.02859019384264538,42.60216929068162,0.8731446172698081,0.33501655675238756,2
23.0,103.0,0.02837806811740818,27.695433538504073,0.8932386042194135,0.35220990772972244,0
12.0,736.0,0.032823863777397176,50.228230889192005,0.8644232321944412,0.3171983024818362,0
18.0,1014.0,0.02733668498139991,44.335618285496565,0.8618997169754412,0.3176697328450887,0
19.0,0.0,0.029723404917123938,10.100431393863182,0.9485555630323612,0.5277144110840414,1
11.0,938.0,0.025764807646831867,43.73069910207693,0.8710272797542771,0.35302598299790566,2
14.0,353.0,0.02889101131339786,60.38171030365807,0.8829009358651632,0.3146508159757886,0
4.0,635.0,0.027814070995445778,27.161896332459875,0.9463619571807118,0.5293863374895297,0
8.0,0.0,0.02960183709578246,59.7060039312884,0.8766166038623803,0.3121087413127663,0
15.0,832.0,0.029779726095540113,46.901544447138,0.8577977257704752,0.3470560259866069,0
5.0,2342.0,0.03171205649973861,43.75970549817117,0.8635736585219311,0.3278375024348762,2
20.0,1644.0,0.033611931583475425,47.06769219559318,0.872841269664653,0.3479296655035987,1
16.0,1609.0,0.040486835954546656,57.02612619497014,0.8352560556271146,0.30656268735647985,0
10.0,632.0,0.026384919547429823,39.23408024873714,0.8777817407220697,0.3401378129845347,4
19.0,1749.0,0.02894536410973809,42.95284819742908,0.8648269144570782,0.3389993182304961,0
17.0,2518.0,0.03264335072682006,38.77925276939581,0.8887912269785154,0.32421927588025756,2
12.0,1908.0,0.026988305907532917,37.94018595143403,0.9008006300390294,0.4004705946513284,2
20.0,588.0,0.029449791696595316,40.781905339842105,0.902940867526413,0.38966246895170903,0
14.0,1721.0,0.027538921780534412,43.33800022702148,0.8567329718090544,0.2894792290114968,4
16.0,416.0,0.02761948755245855,24.8872002342231,0.9221220202462903,0.4198035576206728,2
18.0,0.0,0.02695681171333959,25.24173142593137,0.9506852512248738,0.6052005148223519,0
6.0,2714.0,0.03204118408143003,60.42960922319425,0.8501940386802691,0.33644802565257587,1
14.0,1765.0,0.026413218203327347,49.346646324936685,0.9154310740131608,0.3671381322375904,2
20.0,1350.0,0.030087505107207795,45.2685740702344,0.8363383953205343,0.2690310822527618,4
21.0,2534.0,0.02917833050125034,35.12381340865833,0.9021766759113581,0.39995572058491835,2
19.0,1043.0,0.032161373443854585,55.93592200055842,0.8412987795613446,0.2986251329199399,0
11.0,2061.0,0.04275458386773565,46.74685009225912,0.8737178485720694,0.3367230156017348,1
13.0,510.0,0.027889114421033572,29.286408143237434,0.9000744484243958,0.35549470444875586,2
15.0,1190.0,0.0301304198960376,56.6414399067373,0.8343367344996376,0.3068937216825175,0
8.0,2234.0,0.0264772260181013,32.14738753266375,0.9058858755133479,0.41769965988230084,2
10.0,0.0,0.059243830557061644,254.92386166974495,0.6357016530552934,0.14428310173733688,0
7.0,2591.0,0.03756636242600112,54.26489098420984,0.8506166036543624,0.27561753377075776,0
17.0,0.0,0.03196692580775626,48.38872857668517,0.8800699849892667,0.2926430115398235,0
16.0,560.0,0.03382066224357836,46.078338301278684,0.8768352866868145,0.30920507956471144,0
8.0,489.0,0.02714226329918455,22.367170233487794,0.956905536020086,0.4979885183172112,2
11.0,1590.0,0.02895136624512333,38.42045071386278,0.8852148940155776,0.3668332356132501,0
14.0,44.0,0.030688593661331323,45.39075388458109,0.880159302625208,0.3576393236550728,2
13.0,1706.0,0.029760687990647,28.092943767166666,0.9065145942023746,0.36115557498119066,0
10.0,290.0,0.028482761964796585,41.17159020741729,0.8845189795948981,0.3805630975524944,1
11.0,1337.0,0.043507952553159666,63.77345325328844,0.8234421033946986,0.29555608739537886,0
9.0,4644.0,0.028264344353831603,32.90333129531342,0.8906854441379097,0.3298848811822014,2
14.0,269.0,0.02678786092648462,31.609996742680412,0.9117955791712923,0.39594999290972377,4
10.0,1129.0,0.04192455973227333,84.75556918872567,0.7933800860661804,0.2420503311320058,0
8.0,127.0,0.02618348079390487,90.92282519693822,0.8591880260706507,0.31239200071998563,0
15.0,304.0,0.02877526238181976,31.864674917619688,0.9177741289848553,0.388855652679036,1
17.0,1793.0,0.03399736505237192,62.10265995586892,0.8168561940695145,0.27308977273235446,0
12.0,736.0,0.030104864708507834,36.45394312222383,0.8868498703566725,0.3846127546455169,0
18.0,6840.0,0.027990352446899555,59.57194412667126,0.8081874582257557,0.21327655874519852,4
5.0,1926.0,0.028356587641585107,17.255342980200854,0.9185328901982346,0.3774154710042996,4
16.0,1991.0,0.03008724292201515,46.6498776120723,0.8797039366941006,0.31374076204980766,2
11.0,3571.0,0.04035828351248155,67.94052525031168,0.8225701718846097,0.2548249995635242,3
14.0,2095.0,0.02578504274700429,46.60189580104021,0.8606115953277025,0.3365641299329618,0
10.0,2134.0,0.04358016701624159,155.36037277772863,0.694969208765299,0.17621701073397628,0
18.0,410.0,0.031057387932142147,42.43027262242167,0.9021994925495905,0.34253102655129664,2
16.0,1422.0,0.0288131166299241,50.164143369248656,0.8491702108658109,0.33083554393221015,0
18.0,2046.0,0.02825230215436653,31.419597318480132,0.891633275685456,0.38745907970765037,2
9.0,2752.0,0.04627834883341491,49.4391538512955,0.8575644046850188,0.2851150077430095,0
18.0,1053.0,0.027390942209490596,50.94369589039006,0.89317903564919,0.366034905871702,2
8.0,1922.0,0.03397762817897457,32.87403379140676,0.8900097977013395,0.32808551989442414,0
11.0,4680.0,0.028703346842164683,32.43092868648279,0.9012004837519678,0.39091345202418454,1
20.0,739.0,0.027591909351505878,39.079862721803124,0.9087153108101425,0.38160759681132517,2
14.0,3076.0,0.02589472451194698,55.6253695460136,0.8399823658463648,0.26563552564667925,4
13.0,1327.0,0.026775402734693716,53.922727463625364,0.8917489728086664,0.34398566428931654,1
6.0,202.0,0.028853670670172697,106.24207424436999,0.8366738491517884,0.29417142658128886,0
12.0,81.0,0.026666714437215168,43.14584112755246,0.9089595440087063,0.3431191109764883,0
22.0,2400.0,0.037408022934218035,59.31152060170984,0.8427641355794789,0.30766867717176855,0
7.0,0.0,0.029413158478886026,48.84247653140209,0.8442412414119649,0.3092405883890217,1
7.0,4742.0,0.034584115539666276,70.33567056291571,0.8070523234215117,0.24509729129848654,0
16.0,399.0,0.03128273024219991,70.11622923645032,0.8157952458850776,0.2789495699861034,0
7.0,2727.0,0.02648398711153976,33.45460696852334,0.9058372309756514,0.41297391030541925,0
2.0,380.0,0.023640780346097016,91.36253751430772,0.8776634610931042,0.31063546604913395,0
7.0,1659.0,0.05364064005311531,70.70201559765661,0.8266091297224387,0.2412493583225136,0
12.0,810.0,0.03356663665669561,41.306108173819986,0.8711351402908132,0.34757196402175183,3
14.0,0.0,0.02849437423393728,24.97485990240828,0.8975816018906775,0.39111929684288965,1
12.0,1170.0,0.0423521649895201,59.5996313583102,0.8289192266160805,0.2843448569308287,0
19.0,6872.0,0.027809332333270053,59.61215922140756,0.8082320385173389,0.21319341295188007,3
23.0,1751.0,0.027281139187838064,43.69334359122126,0.8722699446362095,0.3462905129827387,0
9.0,688.0,0.027565018212741276,30.2709372876402,0.9247761935023221,0.47577738648015866,1
10.0,1977.0,0.02790214730990979,30.144950067934875,0.92375970639365,0.3784082445039048,3
12.0,3067.0,0.027601630751310426,42.55946169776225,0.8645431101198121,0.3078810846237137,4
14.0,940.0,0.027639156984023392,42.81006105380982,0.890919636248455,0.3207133907982192,2
10.0,1773.0,0.02932330098028759,40.884555299810714,0.8721509528170407,0.32658650384431753,4
13.0,218.0,0.029387073061983588,65.08306328894835,0.8184260478941134,0.2823081325102105,2
14.0,6157.0,0.030025968712531468,50.21096762510527,0.8811418364163222,0.3564829738980596,2
12.0,707.0,0.028780907169003347,16.616465474032317,0.929374926325508,0.45035179782155654,2
12.0,2211.0,0.03119967292072815,39.54698637937565,0.8700427529551897,0.3237639274137488,0
12.0,6045.0,0.03290022123184456,59.54853209483895,0.8291070508096122,0.2573725570465386,3
20.0,2754.0,0.02728079215018594,39.571369491702455,0.8604945804800227,0.3300985217305825,0
15.0,568.0,0.026191759208501374,46.53644913833737,0.86039117910401,0.33626104322000727,0
14.0,1133.0,0.03309335913573781,34.12257273777695,0.8738756132258304,0.2874368858411,2
11.0,2401.0,0.029401160762921423,71.707004398126,0.8371933040445192,0.2674771556397496,2
16.0,1229.0,0.028762137233088878,21.41325572422916,0.9003268378695787,0.33994287709713816,2
19.0,1234.0,0.030448279997562094,34.98205278716817,0.8858537226416529,0.36407396300448774,4
19.0,1772.0,0.02604845740357704,49.45740348775705,0.871915460211633,0.3414846378801705,0
9.0,606.0,0.02579256214486985,24.143035003969757,0.9422836220799814,0.522922123978883,0
15.0,1668.0,0.027170302227797524,58.161877584922706,0.8745144130383343,0.3013487824633043,0
16.0,1585.0,0.03174521714518542,47.267562986614834,0.8603703289616149,0.35190196154875386,0
21.0,1408.0,0.031215933760478036,48.71983952787331,0.8693271079520279,0.33424812437449264,0
16.0,984.0,0.034192933682103736,54.458860076769504,0.8797371161580266,0.3179702857819692,1
10.0,1958.0,0.03892653689354464,55.40997504136914,0.849633156041782,0.33283988699042927,0
23.0,0.0,0.027764833502669915,29.605756835616585,0.8946721875206914,0.35137479384646814,2
17.0,2089.0,0.028409743766517292,45.60339543772529,0.8695691619651975,0.3133820926493235,0
15.0,237.0,0.02655177686433589,46.670223753800464,0.9018831723422989,0.3399037307842937,0
21.0,1621.0,0.02877658257448623,47.487464934997774,0.8759328871254545,0.3197700372176427,2
12.0,0.0,0.02883945932101282,12.967487316443824,0.9510581563203571,0.5377028695424622,2
13.0,2239.0,0.03192776619015132,43.45584073239587,0.8615384509500408,0.2810366595101305,2
16.0,1577.0,0.031037588297389174,42.514337887332005,0.8823166698115426,0.37912829834314504,0
16.0,4197.0,0.027793773424341466,52.12620274013885,0.8579526692956293,0.26424625124141743,4
13.0,0.0,0.026087595532039976,28.074755293318006,0.9366900424146435,0.47498911761038387,0
11.0,781.0,0.033513214421158,56.604688098167486,0.8313370929625217,0.2866349627297022,0
6.0,773.0,0.025912493696908578,28.534243036219742,0.9156011568073883,0.46677343382986325,2
14.0,107.0,0.027080504669628455,35.07802829331093,0.917469660501085,0.4205387502104214,2
18.0,588.0,0.028291792547834843,37.658689603253244,0.9021807117353738,0.34453184250755114,4
12.0,359.0,0.02671645838983581,58.43708545869082,0.9070598746859245,0.33693821545116304,0
4.0,1218.0,0.027555351132110974,48.85938062078711,0.8868071594922022,0.38444276047979153,0
11.0,120.0,0.03145963541921697,43.98918286104004,0.8842934358700134,0.3010179094667338,4
3.0,1372.0,0.03264442418514398,66.25533091782364,0.8654238408163167,0.33950196449302805,0
17.0,538.0,0.026889654924772882,50.21778936510125,0.8947536072857196,0.3294700242621685,0
9.0,5768.0,0.027491721760107418,47.85288375188617,0.8882583935447879,0.3659603581563953,2
22.0,856.0,0.0339550480041149,47.448005987474886,0.8775641395512634,0.31096074564344445,0
14.0,1231.0,0.028848069118342753,53.77478828370818,0.8680396775453546,0.3198077293585839,0
22.0,1670.0,0.03580513685941047,72.05710839859606,0.8069137564371363,0.2789457320423745,0
13.0,6934.0,0.02889713936738433,43.78465662581338,0.8571468421002875,0.29161406343990687,3
18.0,2623.0,0.04327853035690665,65.16952997703507,0.8384208056382865,0.2822099735458392,0
13.0,1457.0,0.036529893034014875,52.859473926244,0.8451976377063197,0.278568663021837,2
12.0,1191.0,0.03928796285670865,49.014495605872675,0.8644515564452456,0.33246031504769336,0
20.0,1569.0,0.03266287984604401,40.83087677909406,0.8877631533631604,0.37012446738772303,0
15.0,830.0,0.03265094397394841,23.546931275498913,0.9014581580570953,0.37729263275899305,2
20.0,0.0,0.025994506645562254,36.93196990019968,0.8961850287892676,0.3236194681713488,2
10.0,1645.0,0.026699953520691065,43.06364774161195,0.8738574155409038,0.3535816760488807,0
15.0,1542.0,0.0470546189005397,43.05475817753296,0.8730502355657803,0.3057712023334673,1
11.0,692.0,0.027955208084965762,54.76937944673884,0.8814413881767252,0.3879102234059426,0
9.0,88.0,0.029720843060533325,20.447562065082447,0.9160314556705959,0.433042542011617,2
16.0,3914.0,0.038194288061425045,70.36033517019192,0.8150486034715764,0.2584310882597235,3
15.0,566.0,0.029790156374114446,23.161070183006764,0.9027806530334265,0.3516745341179835,0
16.0,4372.0,0.026636272601180518,40.299802728044504,0.8691109881372848,0.3595630619238769,0
9.0,0.0,0.029120759186565374,261.6822782802147,0.6568418303837085,0.1372784320677889,0
11.0,1099.0,0.02923498657425027,23.137551705602853,0.9085638613940985,0.3841866131110612,2
11.0,1533.0,0.027197984327161532,50.217256202747286,0.8666402685791113,0.33226796682521365,4
22.0,0.0,0.03205216357015418,74.52258167087612,0.7628434830890669,0.21618430188706061,0
9.0,6013.0,0.03211664450027092,47.75613942897404,0.8717797787661167,0.29144618476412926,1
22.0,572.0,0.040224899348196834,99.56358309517108,0.7516896077955028,0.21633085181081546,2
14.0,28.0,0.027957047124364184,29.16691194392986,0.9077328408073116,0.39686764476339653,0
13.0,968.0,0.026362641062812647,72.1022858068091,0.8065683561342727,0.23514961754329128,4
12.0,1565.0,0.03549004141195031,50.97384531320835,0.8611274017823065,0.3446078771122049,0
11.0,1887.0,0.027369762130416544,47.881736468410566,0.8553461875355359,0.34026445273667144,0
20.0,520.0,0.02936280030583384,30.07292943233047,0.9166394259471597,0.4465043973061879,1
3.0,2180.0,0.03533496732026144,35.8150736241578,0.9015222660285916,0.3337544386802742,0
14.0,723.0,0.027395615698051542,31.71650822206179,0.9168516402770148,0.3960387538203616,0
7.0,5991.0,0.027882364123424173,60.81788256947061,0.8525188804674521,0.3148602487109449,2
10.0,2898.0,0.03441704620910434,40.57520256117002,0.8843107480562016,0.39281391130116994,0
11.0,177.0,0.0322930590746763,64.78081597016566,0.8193469163246383,0.28569528255177346,0
15.0,2763.0,0.03571584033430549,63.908117909073,0.8612887285956605,0.28782092176487495,1
23.0,899.0,0.030408259616340323,42.827267714252,0.8753801245474198,0.3503433387283283,0
12.0,3547.0,0.03644045168510814,63.332859327797706,0.8568794925758229,0.33059760786391174,2
20.0,1714.0,0.026722909090909092,33.844849542258835,0.9147203962621286,0.37495670147802873,2
12.0,3080.0,0.02619176913230674,29.51295762471525,0.9079046751950542,0.3870988286416339,4
20.0,737.0,0.027991433094329082,35.71170703609728,0.8963042888095316,0.385325480263399,0
13.0,133.0,0.029770690999753012,40.54507746016931,0.8800634886851858,0.354289668903443,1
12.0,4204.0,0.038598585628441755,63.26857385062888,0.8478064813940778,0.2882510427525124,1
23.0,1273.0,0.03403155608147297,84.77878395712246,0.8181147875413477,0.23508541892556822,2
16.0,917.0,0.03197810132649441,36.82773106874554,0.8821787470824859,0.39220010286075546,0
14.0,854.0,0.03230137590869958,52.85503888992458,0.8624075584880456,0.3171663863191672,0
15.0,1251.0,0.03244643006937605,47.87230853684511,0.8650706613004528,0.3347395575643666,0
13.0,1208.0,0.032312056429262354,55.8920444480141,0.8599025823392464,0.33606596549809525,0
13.0,1052.0,0.02673056566902023,32.48956024539263,0.9090593636131157,0.39675052054839277,1
20.0,1752.0,0.029007208652871333,59.66605740243875,0.834734176509635,0.30709601396607117,0
6.0,527.0,0.027551055118223013,42.185063385114546,0.9081562457561538,0.34264281805634633,0
15.0,970.0,0.02590375459437664,35.88108114014641,0.8991873989331379,0.41546166558201986,0
19.0,2186.0,0.02579741541639916,40.47076531712905,0.8652060274296084,0.31497958462089576,0
17.0,1749.0,0.032864754333980235,35.66407401481662,0.8933103125988159,0.39408738355069106,0
7.0,1471.0,0.02702442495657088,51.88621009368072,0.8881837563209536,0.34509552753435857,0
8.0,1549.0,0.02732402484306019,92.56747895537978,0.8723785570733911,0.32893865427374325,0
15.0,142.0,0.04182010132091924,71.50105651552731,0.8353595391478469,0.2798791068493295,0
13.0,1443.0,0.03425982267037552,64.95282406673121,0.820453326889979,0.3037540375594817,0
18.0,58.0,0.027541959216188565,26.45392520548573,0.9305574163365541,0.463720434134968,0
19.0,620.0,0.030142419437745267,45.66828059864427,0.8804834072360597,0.3555595726685254,0
9.0,1721.0,0.04466483372610631,48.39855338612742,0.8765066806097993,0.2874723829325073,0
15.0,899.0,0.031046649103045085,52.825613609400804,0.8503349492200556,0.3011289938492586,0
13.0,811.0,0.027032957559941537,39.94999130207283,0.8994022585745653,0.37075632045901236,1
9.0,1835.0,0.026553270991660747,37.06993991272964,0.8729279001467454,0.2808195880135874,4
10.0,474.0,0.02882391777273498,17.249150888034272,0.9335933042181679,0.427431605970495,2
14.0,982.0,0.04213388386326503,63.04112177789126,0.8310122003153877,0.29865049410684275,0
14.0,44.0,0.030688593661331323,45.39075388458109,0.880159302625208,0.3576393236550728,2
20.0,364.0,0.027710672712913862,42.87851787124581,0.8722966387936356,0.32848641624062125,2
19.0,1258.0,0.02723776473400111,29.36119381427303,0.9193506070672557,0.4763122136538885,0
13.0,369.0,0.02808921744062112,31.8139976668448,0.9031386478947908,0.37799495749708084,2
10.0,512.0,0.030871138404762934,32.2658250037031,0.8630611550668174,0.2711912628147951,2
14.0,926.0,0.02607432551835029,29.30806558795004,0.9085368401786283,0.385976187339055,0
19.0,745.0,0.02824093310673895,40.37832788702385,0.9039484370233293,0.37885700913619136,1
12.0,4357.0,0.028115892336704956,79.00408001438721,0.8225483347575626,0.27512948567292506,2
17.0,1436.0,0.029304556449466643,37.929538587840284,0.8979135913376313,0.36618107211318107,1
8.0,165.0,0.02802602275738111,19.56278091921026,0.9308316196795776,0.4363027494288608,0
15.0,1380.0,0.03234650490037158,133.545048701954,0.7120697125671291,0.1850493303787224,4
15.0,172.0,0.0260590413059325,49.78858663844589,0.9221556741484696,0.3495904099752217,0
13.0,3101.0,0.024889270121610164,52.95187705752726,0.8745199868592046,0.2907118582600543,3
9.0,2065.0,0.035007744677785384,28.142574876373494,0.8757106909271587,0.3234160783756444,0
15.0,1043.0,0.03722416608350828,87.06846692792355,0.7803989397518923,0.24554640446149578,0
12.0,1582.0,0.02639392427087561,21.248876165832534,0.9427162054514455,0.44979726544635856,2
15.0,1957.0,0.036440475488629415,56.41354621140562,0.8407219851431728,0.29246563284606986,0
15.0,22.0,0.02707178186629702,32.450003058639695,0.9328342330018986,0.444120884153942,2
12.0,670.0,0.03312467113585601,42.025370052343426,0.8948636834964341,0.40584077491009213,0
22.0,1506.0,0.033266295363483814,41.82725094331333,0.8652868340919925,0.3443522834004344,0
17.0,1069.0,0.02799602970341263,37.16481217256896,0.9015232509383737,0.34525354753942455,2
5.0,0.0,0.02660572467971441,46.066170360068924,0.83197266201826,0.365430594739849,0
11.0,4299.0,0.0367492911336274,76.88123164997242,0.8038031904102412,0.2307774303555901,0
11.0,3431.0,0.036290056565968815,56.92161594223541,0.8772479675539274,0.38614988261247285,2
16.0,4018.0,0.03053840562151684,50.68442313839316,0.8649841421338988,0.32431835637715817,2
17.0,1697.0,0.025584521561562507,54.01501786339402,0.8534758949035405,0.2690427270164941,2
17.0,3775.0,0.029059616107074242,49.64066064526447,0.8673201597921864,0.27596334458439664,2
13.0,711.0,0.028294885051466535,27.233408637024326,0.889916706668244,0.3239918166715151,2
17.0,235.0,0.027211021338818805,29.666660882598215,0.9287147026600591,0.49068698760624185,0
13.0,1813.0,0.028165579946673378,36.55723654199519,0.8942944422816477,0.3659569818351737,2
18.0,2237.0,0.027690975088221527,25.032905467020832,0.9146543606845134,0.42039183189974993,2
20.0,1721.0,0.03571201350644675,48.028192536678276,0.8725257151066669,0.3434170672575549,0
22.0,2944.0,0.029993894523446807,42.19901267363916,0.8693478584564058,0.33570500169407547,2
14.0,2141.0,0.03141646338427839,59.5459705936693,0.8443415941868981,0.33107678829018544,0
3.0,3859.0,0.03192213471877415,87.46967918197252,0.8134724582718209,0.24447481353312095,2
13.0,0.0,0.026575028280410973,26.22348790857883,0.9367301348320428,0.5108881471124066,0
14.0,389.0,0.02711750660917701,28.660560991924406,0.914111696941516,0.39129639141050987,4
14.0,1094.0,0.03134440032412395,53.58223489486838,0.8383363059871791,0.3152493873718778,0
10.0,2390.0,0.03747388516677473,44.846306440697674,0.8687972178106181,0.35270431070650365,0
15.0,1231.0,0.026945600428765093,38.89599151321759,0.8839898375816548,0.3318476335437243,0
17.0,4775.0,0.027143862471096812,31.531709404480154,0.8991288157460313,0.33453811689527824,2
10.0,26.0,0.027060800080242062,110.82293363195808,0.8465865727832282,0.25177241437866493,0
8.0,310.0,0.023931338359053606,96.30549970349757,0.8806224000592473,0.281940700909921,0
19.0,545.0,0.027630067806742917,37.21288752633875,0.9070343729753734,0.4167489380134647,1
18.0,793.0,0.026224735261791827,31.475807364672722,0.9011421911574934,0.3661210055360385,2
13.0,1692.0,0.030791209884527132,47.35552034757967,0.8766270943048031,0.3413738541275952,0
14.0,409.0,0.02771295846693101,32.818517602741935,0.9235108812119242,0.46017367830853567,0
10.0,3257.0,0.03316416088605795,41.362226919988764,0.8631918695068168,0.33733899871602663,0
15.0,5960.0,0.02512677848781491,42.34220936469061,0.8680982357008513,0.30843025339848895,2
15.0,814.0,0.026313745471718043,42.65015363057174,0.8851158552951839,0.379330115782751,0
18.0,762.0,0.03237080623220018,32.97930177044115,0.895958087752416,0.36833568384465054,0
7.0,1652.0,0.03834967320261438,39.42515884499429,0.8889409253779195,0.32305126932979433,0
13.0,3325.0,0.03097427868374274,42.766846367676905,0.8594197562291066,0.333607696420602,0
11.0,1248.0,0.034718683320237115,37.6117494711988,0.8522216768826165,0.26796609281560974,2
15.0,1438.0,0.0424219827397927,131.64551809802074,0.718501821795386,0.203963149325508,0
13.0,268.0,0.0307050388407792,38.814617344721604,0.8737993082454498,0.29368418124104395,4
12.0,270.0,0.027521637898004696,35.42908469828573,0.9194701865848899,0.40314524622064046,2
11.0,0.0,0.025857984767674737,45.56024802098953,0.917339613960395,0.3686393813911081,0
22.0,2276.0,0.03352635789911776,63.42748935464396,0.8626708332419013,0.3238038514562779,0
17.0,1370.0,0.03194331983805668,22.41946227644047,0.9089704102451847,0.3588442388382851,1
11.0,153.0,0.0273724368144969,84.10469956562721,0.7670718744113023,0.20158035508015482,3
18.0,681.0,0.03330394780136208,41.3009599018136,0.881827276141139,0.3732920430711653,0
18.0,3004.0,0.030950679313180796,52.981768008014726,0.8578669380701256,0.30265851658179477,0
14.0,194.0,0.03331752043363637,41.67199205001236,0.8797669656539291,0.3647248321718458,1
14.0,391.0,0.026385529159713053,44.94092332342344,0.8984134839170176,0.4149591039660076,1
15.0,3354.0,0.04911477196648567,86.68164832867714,0.7894249083885148,0.23404779198750353,2
11.0,5008.0,0.032147914317925595,59.54555697276608,0.8417127325779108,0.2814663815556331,3
10.0,1917.0,0.03400007215416252,40.8208192929854,0.8796009046735128,0.29149130748323787,0
11.0,80.0,0.027741739834159663,34.71731930926075,0.8999334443190371,0.3721769189833484,0
10.0,3896.0,0.02708021098935321,35.00690568364401,0.8891579374131885,0.3438071420157993,2
6.0,2367.0,0.027409199054074452,47.30140349999381,0.854031335938926,0.32053622999072867,2
22.0,0.0,0.030784794969406358,24.478000295973086,0.8871937480695389,0.3636456427184452,0
19.0,2744.0,0.027836418162513893,46.16648293720823,0.8717587859531821,0.3627331538622484,0
17.0,2419.0,0.027623709717684602,43.915918968410864,0.8737065245451385,0.37194489733936376,0
18.0,1080.0,0.033286765022769386,62.081621013670905,0.8512869395791067,0.290273464434624,0
20.0,214.0,0.0293255552547745,39.19433254468004,0.8802006361832326,0.27222867941689455,0
13.0,2595.0,0.031556296922413296,42.60823538758595,0.8642720759955178,0.30157404826190065,0
12.0,1046.0,0.031516739389522,39.368413200134576,0.892469965583284,0.3638527301557195,1
10.0,2007.0,0.028239112584628256,35.49639540577941,0.9034343749594116,0.3486759520099399,2
11.0,1313.0,0.0438747528856578,72.5787326216094,0.8423784726604666,0.2793609109206917,0
19.0,152.0,0.028956940321555807,17.41051932951791,0.9253716776030292,0.47082608224912037,3
14.0,2160.0,0.027051862742773127,49.02355206218792,0.8758186185861184,0.3048318558965875,2
11.0,1131.0,0.03714852053492147,58.830189460488626,0.8465872875939998,0.3061479793693913,0
16.0,688.0,0.0329991675756358,30.411344352935078,0.8895156156480526,0.3448710878287105,0
10.0,0.0,0.026274960794563512,55.93303962619645,0.8659316420814794,0.3241381629686998,0
15.0,55.0,0.026821174451540395,32.46494372545702,0.8790366004285972,0.3304601926306479,4
7.0,3192.0,0.04641937618333213,45.940381425109365,0.8738115322553172,0.31129256750891293,0
12.0,407.0,0.03787519951954443,142.13221113103214,0.7019157533448256,0.1706692734000439,0
5.0,58.0,0.028760136961614707,22.969280684277216,0.9260144432863482,0.4505532498935426,2
20.0,392.0,0.02751033119076739,27.69898582345323,0.9107095348839748,0.3685804879091466,0
6.0,2867.0,0.03092436672423719,21.77618287304884,0.8905103018127002,0.32687185760408527,0
15.0,286.0,0.03170086622290429,55.44558547696603,0.8349352166970825,0.298472606567722,0
13.0,489.0,0.03187938151084321,26.82735841839251,0.9203066478410962,0.4038954958616002,0
18.0,1930.0,0.026874326976416788,41.029247805254705,0.8783084026836543,0.36467309929464437,0
13.0,1703.0,0.030561240897566618,48.65511202960029,0.8540900099261621,0.32498071553566427,0
6.0,6730.0,0.02643553419507374,32.85643979750601,0.8980484689523625,0.32787144709393995,2
15.0,1385.0,0.03143629678777569,59.96507749462251,0.8409676970868093,0.27707832780716357,0
23.0,2723.0,0.03002708813440193,48.82036177876783,0.8581421415604975,0.3403487638650638,0
19.0,2273.0,0.039940251879938576,74.96885600769036,0.8111263256029037,0.2820087845120236,0
15.0,3093.0,0.03834967478885545,51.23569592899065,0.8494807159076057,0.2923531065965459,2
17.0,1676.0,0.02953113337543779,51.593942364290854,0.8820267642667904,0.308437519701552,0
5.0,5441.0,0.02964940111061181,41.04963622461725,0.846572458712152,0.270847032983085,2
13.0,968.0,0.026362641062812647,72.1022858068091,0.8065683561342727,0.23514961754329128,4
14.0,2427.0,0.0270094696969697,45.287768087756604,0.8856105446477868,0.37648080614088786,4
10.0,201.0,0.027469470801286915,33.19786744706466,0.9140827220943809,0.3916612696333036,2
15.0,1580.0,0.034053827267924296,52.12126057718618,0.859531132867692,0.31736074001099973,0
14.0,3216.0,0.02857663752240126,36.39898244480797,0.8831028870311337,0.3250839589508758,2
12.0,1195.0,0.027407035076826035,33.56672065161067,0.9309202902857918,0.44117674999988216,2
12.0,3139.0,0.026657331590440984,29.615266503177555,0.9029659986020722,0.38744879528481047,4
8.0,334.0,0.029340261760914393,48.98613152087748,0.8491149239550795,0.29052851905189886,0
18.0,0.0,0.03433154773429713,43.551773786526695,0.8817557594585023,0.36477309184250006,0
15.0,1030.0,0.04335923509351106,69.24662773374396,0.8248755597873828,0.2875712669200255,0
17.0,1080.0,0.02643764032046568,32.60432975381868,0.8911108761050854,0.3221642241533901,4
19.0,490.0,0.031738888041037396,103.69478348305394,0.7557219050142603,0.23155390939050932,0
10.0,2524.0,0.03385438748365749,45.542531984103434,0.8706732822013316,0.28844458554940156,4
10.0,367.0,0.033564841824471205,53.750251972563646,0.8773702313275715,0.33951494919220254,0
15.0,0.0,0.029805536719727046,169.04692052270315,0.7004209432288468,0.16576343733230134,0
10.0,1199.0,0.031248275698982367,41.16839788992691,0.8673763305200821,0.36708065518130356,2
23.0,1572.0,0.03248198818100866,40.568624264152305,0.8769936967909068,0.38365971672535343,0
11.0,3382.0,0.034897457339952934,52.50971262538562,0.8307319599876075,0.3027935001326988,0
20.0,2033.0,0.030165083240533224,49.946093472594264,0.8592565777681557,0.3496598489136218,0
14.0,4993.0,0.025047310293478935,41.01994486453539,0.8608632876350764,0.2869571210235268,2
10.0,321.0,0.03103437491448297,32.2745198995855,0.9004106069547478,0.3830563733706917,1
25.0,343.0,0.02723221557722291,29.747590047915835,0.9195678608232729,0.3988211333457411,2
9.0,2548.0,0.02710971460971461,28.605237746983533,0.9148792889914668,0.3767517537509376,3
30.0,2040.0,0.027898331661825572,26.589981256778408,0.8991516083929175,0.3527962390603833,0
14.0,1974.0,0.02978386762863653,49.62961951927295,0.8564847692202531,0.33036398211641443,0
15.0,1724.0,0.028388177928754355,62.84645059625289,0.8913841988321601,0.36784013588707815,2
8.0,6539.0,0.03150162175306211,49.67322301381658,0.8731506693225682,0.31757870225610685,2
19.0,650.0,0.026118230493773004,33.81133469430284,0.8776375849620994,0.32611454315532434,2
11.0,0.0,0.023702682376535472,69.12971018132995,0.8959710009725972,0.34470883172603445,0
14.0,1440.0,0.028922296988467957,55.71792255850102,0.8634725628739941,0.30761845705248986,0
14.0,2613.0,0.029627191822550282,53.92975040906589,0.8478832247004823,0.28068328227328254,3
13.0,173.0,0.029848833305052006,16.127788221159125,0.9234846219991599,0.43110470929905315,2
14.0,983.0,0.026661867199573013,41.01670503477314,0.8856817931803498,0.38445993639122616,0
4.0,852.0,0.030108344897925063,106.04654165586993,0.8528569661805112,0.2844410374970956,0
18.0,1606.0,0.040434394432882576,67.42178811570886,0.8207433256529435,0.27427589008296344,2
13.0,2374.0,0.027539887661145377,27.13202571344693,0.900002182117466,0.39098536924784266,2
7.0,908.0,0.03052426986032965,35.7713024185624,0.8917559740861195,0.35585672034489363,2
12.0,1970.0,0.026215193979398466,37.96198640461813,0.8868126035907079,0.3968748119178937,0
19.0,39.0,0.027156255746950284,39.16672403334917,0.9240883423498207,0.3837627644229499,3
16.0,223.0,0.027100567230253322,29.34682471621103,0.932334956997021,0.47784409112577647,0
15.0,3371.0,0.02708851332218787,59.385891250553634,0.8678355948257419,0.27907791050784414,3
19.0,1963.0,0.027992614595203847,55.145723403844826,0.8393144963681353,0.29381415509221526,0
17.0,1396.0,0.030543971362558413,39.33573315273101,0.8781515647802127,0.3628191884408235,0
20.0,2175.0,0.028160734874402252,41.39290328077891,0.9115122361112314,0.4157395442724978,2
14.0,1444.0,0.028417344341672358,53.491827252034085,0.8585426124942499,0.3340003239004764,0
7.0,6045.0,0.025569138657399133,52.48332202914906,0.8604084095464112,0.2806680198915778,3
6.0,1054.0,0.04333673623081686,77.09857236297161,0.8451092146860835,0.31148010732841536,0
14.0,2477.0,0.02862986789677331,34.33451626418087,0.8930177389011088,0.34668011847503793,2
13.0,5833.0,0.026203421039879826,40.01381934822921,0.875595240389409,0.3137863952640415,2
17.0,1348.0,0.026938274863561908,35.10398042639477,0.8857236768482636,0.3185096569395156,4
9.0,909.0,0.02804582331280997,63.144503745338895,0.8176998897774823,0.26759179586097226,0
17.0,406.0,0.03212294622577505,46.47691137903112,0.8700284542141966,0.36446829543627934,0
3.0,2341.0,0.02653785616826183,68.9761775909022,0.800249767289507,0.243360886070902,1
19.0,3352.0,0.03486748086595627,40.68985620350177,0.8697054403283191,0.3671893887316694,0
16.0,4305.0,0.02963976374238107,49.36022648198316,0.8717646718032829,0.3151159617622483,2
13.0,1469.0,0.03216268479820348,69.92068194696688,0.8238752342055555,0.2841709290342402,1
13.0,2136.0,0.026427908754084736,34.23757644914992,0.9103201493384508,0.34159007036222283,2
12.0,296.0,0.027193286854474905,42.016072203408335,0.9329278698872726,0.48877082671398225,1
3.0,7006.0,0.02767205788926063,53.78083294356819,0.8632622204340273,0.31070377199147986,2
20.0,2150.0,0.03200917478240195,45.83741996070499,0.8661675387900373,0.3586993702268297,0
15.0,1833.0,0.02962700495907327,45.468960831211255,0.8731651803176086,0.35803219816584336,0
16.0,1342.0,0.02728486780526586,41.96823355330487,0.901694204762943,0.383557801764414,0
10.0,3419.0,0.027868132745305422,89.06195087239779,0.7793794809137335,0.23037676768575488,0
10.0,1490.0,0.03227431547077206,59.560327155877744,0.828330824724984,0.27289824627002046,0
9.0,2868.0,0.027278826106116115,41.66752323045638,0.8546065046664476,0.26077861595708257,2
4.0,796.0,0.027027478702647597,100.89674129045017,0.8463919625408349,0.28986035616875383,0
11.0,5014.0,0.03166518524394795,41.54742701932153,0.855275761142229,0.2939174364135813,3
14.0,1996.0,0.02481561334253651,33.9038905679034,0.8818751335328596,0.33652928370374496,4
21.0,955.0,0.034434469926919196,76.50021398738943,0.773465977581298,0.26061330149289674,0
18.0,5353.0,0.028443179371693234,30.557339490791556,0.8886821739954267,0.2950439419609377,2
11.0,1426.0,0.026679744780220862,34.407714250101634,0.919333449608903,0.43863173828847857,2
16.0,2647.0,0.03615987784404081,57.76373742392012,0.8369890421285208,0.27192876076593714,4
11.0,946.0,0.031817989067551386,37.53638750646376,0.8862355479959789,0.35809583442311793,1
15.0,1561.0,0.025651361770500366,50.025536459356225,0.9134239426802334,0.3548825168237632,2
11.0,1387.0,0.029352820748365416,51.6985067407629,0.8851107720517803,0.31717960428278985,4
19.0,2713.0,0.027596707205781015,43.34208661764451,0.8788925101827004,0.3529401886015343,0
15.0,2108.0,0.027541936004446876,38.39136158373486,0.8947109311018908,0.2916835062023294,0
18.0,4023.0,0.027010198010211848,36.351946108506255,0.8956455863317572,0.3452358190808308,2
18.0,39.0,0.027757037329017634,23.39993975542852,0.9062799749159807,0.3112883940957437,4
17.0,1273.0,0.025770676472984137,37.78034088480288,0.8824090296994785,0.3880166873459592,2
12.0,1036.0,0.030149471918214776,29.050920663235367,0.9106648355160061,0.3533238810193018,3
9.0,2952.0,0.05863320129156819,62.746156715258124,0.8487851568204928,0.2785031129038634,0
15.0,5227.0,0.027755432749433512,45.95500475000642,0.8443925765457778,0.259701825078711,4
8.0,4833.0,0.03653034728984096,45.95253669733784,0.8622829046158804,0.3504814603746305,0
13.0,1414.0,0.029307793710150385,43.733894947267366,0.8886030393616344,0.36272939494640666,0
9.0,4253.0,0.024889049167359806,43.856515435543855,0.8694791526449512,0.34940308932898023,2
15.0,1615.0,0.03780807355532968,57.193929770371994,0.8477031927886713,0.33729316601080317,0
14.0,1809.0,0.02649925078137227,34.754603354789296,0.913126062137421,0.43603179315635954,0
13.0,765.0,0.026864047832697146,31.071011322971497,0.9192739222110242,0.47145771371244016,0
17.0,656.0,0.027746701568568427,30.684467183945948,0.9172574449724245,0.444941210007461,0
21.0,897.0,0.03071983830845771,45.67312137190025,0.8641493122394994,0.3463454538124088,0
15.0,492.0,0.02922494664748112,34.72868400555333,0.8897511233907867,0.36296588853787515,2
19.0,1999.0,0.03268757228668433,53.54810203657489,0.8506685320761287,0.3300690133588613,0
17.0,503.0,0.025839822421703344,49.111724978035554,0.860320363953764,0.31998807347489705,4
9.0,85.0,0.029396602668074888,53.08626955703877,0.8648063602638982,0.31041657663343103,0
5.0,3191.0,0.02910486277853825,46.70818503583158,0.8371421256807284,0.23133804424104398,0
16.0,234.0,0.032036048509646205,39.5544535248665,0.8834169430675438,0.3901768375314001,0
11.0,830.0,0.026538394194665475,22.25288785752619,0.9361385629948282,0.463449750479837,3
14.0,663.0,0.027432127252679434,37.53082286906762,0.9085319160740314,0.3955383814298593,2
18.0,117.0,0.02691057151610385,42.840405044849085,0.8981072604614042,0.34676341975315517,1
16.0,1305.0,0.029695283233607952,44.4316628221308,0.8633840880598163,0.26956333636610863,1
21.0,564.0,0.04565430105268725,70.36472135037349,0.8228204622097881,0.2746328133856498,0
8.0,4121.0,0.026958604706372263,33.79209905954595,0.8812644304289163,0.2961558512395899,2
18.0,2157.0,0.03181258972273245,47.42731293787377,0.8583904654429636,0.3324854079933226,0
19.0,2905.0,0.04066979328000796,61.534339079904626,0.8327919476409786,0.292237677852505,0
7.0,2295.0,0.030971518979444654,111.18738542238698,0.7602938638777044,0.2130949485946474,0
7.0,5006.0,0.02496065067882425,36.36276162797006,0.8763427228049101,0.32198781278676963,2
10.0,327.0,0.029852432065144315,126.45535624918622,0.7204794938007849,0.1830592567649391,0
16.0,405.0,0.027735555688945084,24.41529465657641,0.9221940585280948,0.4190478441798411,4
20.0,407.0,0.032217063514261034,38.927447573745454,0.8772980921386306,0.36612618923597695,0
15.0,732.0,0.03469543308748993,41.125127157319085,0.8744367108562022,0.3452655971584016,0
11.0,3521.0,0.040056778555428836,46.785413932574926,0.8700283222055119,0.29444544714112914,0
10.0,1966.0,0.028810559140887104,27.464989859829547,0.9311008946173361,0.4860751248491098,2
14.0,1151.0,0.027949633744166653,28.38710483876896,0.8871530392822403,0.3562724471702292,2
19.0,341.0,0.03108174671864827,52.145237107311786,0.8792633461033821,0.319638926540132,0
17.0,2383.0,0.027023223082336383,43.38782585239521,0.8876808293219063,0.3368164700506514,2
7.0,2765.0,0.038952263405268604,85.74597121385332,0.7962775507711324,0.25851374768683877,0
18.0,1966.0,0.034475005156053985,55.92103232278724,0.8453845743080552,0.2902850162468205,0
19.0,1607.0,0.03728789302403723,71.91547115649735,0.7999485329564252,0.2679465545309208,0
4.0,6388.0,0.04997978217131295,64.87033652943907,0.8536148923167162,0.2896930275539356,0
14.0,648.0,0.03208891709822137,39.190017850144855,0.8825550588967582,0.3553201378790646,0
10.0,1243.0,0.02791033031100636,37.44679268921007,0.879159394660797,0.3315770113194153,2
5.0,443.0,0.025521897675646197,25.535888906919244,0.9301708968920509,0.44289340963920293,2
17.0,704.0,0.030343877585922753,47.120766193653,0.8594040254151073,0.3209985694262619,0
12.0,2192.0,0.025763889831543797,48.970541163327496,0.8782375762890748,0.31255096468486376,2
8.0,4761.0,0.0255839778833908,31.61250328967596,0.8972097917845104,0.3458221012030881,2
19.0,1345.0,0.02734628304366876,39.74010947157729,0.8766704909602081,0.321753071321134,4
4.0,1059.0,0.02853155268810015,94.19498098649973,0.8388224137578033,0.28907993807194393,0
11.0,1892.0,0.042379597389144735,155.61968145784357,0.6880346145604304,0.17862633119948382,0
13.0,275.0,0.028845435492940025,37.8839885411449,0.8940278960650082,0.35084333814300006,2
12.0,3843.0,0.02987982353638833,46.61514040967563,0.8493417615808558,0.28545658244746297,3
10.0,4653.0,0.04775728874400601,58.319064004571274,0.8392588015701932,0.2822245097266457,0
13.0,2307.0,0.026698711372939807,45.794474874431444,0.895430880709221,0.37583943366823325,2
18.0,0.0,0.02601326123642167,22.347014983725888,0.9503975564190933,0.5542902349710067,0
18.0,410.0,0.031057387932142147,42.43027262242167,0.9021994925495905,0.34253102655129664,2
15.0,2302.0,0.026503950344144628,48.586600267776404,0.8897867194241666,0.32201469283628775,4
17.0,858.0,0.029684162746811005,51.86628418553195,0.8376464493213466,0.3004136061620146,0
13.0,2711.0,0.02949712057316465,51.420585279654574,0.8635660704256434,0.3277941006228159,2
8.0,4916.0,0.035714642071968096,41.1974132925672,0.865127209080838,0.29327511055650707,2
10.0,4056.0,0.04474056895873981,68.91003516762034,0.8328273655432792,0.2834687022195182,0
16.0,328.0,0.03234924564128473,49.632312066603625,0.8543952860993287,0.3166329637378983,2
19.0,0.0,0.02959715138934806,10.92807341321689,0.9350268495107076,0.4315792502012016,4
9.0,1231.0,0.03886131290884586,58.28631263957051,0.8274679997581975,0.2546849115767298,2
19.0,3910.0,0.0422811750134258,67.02620457905394,0.8284465320407998,0.29832927154809086,0
7.0,7639.0,0.03214137439303959,29.904622718713075,0.8803693012208347,0.3076270427652161,2
12.0,2271.0,0.026479303153749665,30.727012721179623,0.9129148400434228,0.3284008609524105,2
10.0,1089.0,0.037417561454188696,57.05489977665593,0.8189076983883661,0.2335293329806808,3
15.0,2851.0,0.028986746339931663,37.156207705995165,0.8934101007743436,0.40677969618100634,0
14.0,1872.0,0.029861275125237733,56.66216060358353,0.8425885436277203,0.3022374931381797,0
10.0,1303.0,0.027060537827801375,42.86595071612536,0.8780015464134396,0.3764355992509909,0
17.0,1143.0,0.03145753548096418,30.09487430149308,0.8855636516473406,0.3305761671492811,2
16.0,4159.0,0.027465900265210216,30.4928750117868,0.8722439998080008,0.2882571560990912,0
8.0,2637.0,0.029754348005982357,46.346602711757996,0.8669365512419035,0.2904120008303839,1
18.0,2451.0,0.03522889064355481,52.996233799635704,0.848551469313975,0.31084516458095923,0
22.0,371.0,0.028581791945686906,28.399379419026893,0.9235328101111073,0.467448336125016,2
18.0,2154.0,0.02616523133204637,41.804813853647524,0.854564824397693,0.2863164920000949,3
16.0,1827.0,0.02976009151212598,42.86448705212479,0.8783971877192172,0.35806308436009526,0
20.0,587.0,0.027468784137760917,37.29393578738515,0.9268105363495092,0.3850443733952267,1
16.0,224.0,0.027256801398994203,28.711615956042376,0.9200248537772109,0.4605358758976185,0
14.0,698.0,0.03016629078226351,29.97831878908464,0.8971819734587676,0.38100309328819965,0
13.0,925.0,0.033468391664353614,42.147400751294086,0.8556894126099895,0.32092989202072664,4
19.0,1379.0,0.033129818854524914,47.57607941140054,0.8695449673760955,0.34108233149877154,0
10.0,907.0,0.027473285753716336,32.120312071797294,0.8969995296257728,0.3468143122593004,2
12.0,2241.0,0.029176891306068663,48.97062126046276,0.8606153614017968,0.34218123656092736,0
4.0,0.0,0.051740196078431375,68.39251642258301,0.8410830411785569,0.2526343803658084,0
16.0,977.0,0.029810940325672917,38.005499446618614,0.8860159377565757,0.3634453641926011,2
19.0,839.0,0.03149905272663245,39.1593019927228,0.8940630416586195,0.38761709624952095,1
11.0,1958.0,0.03248654397521908,49.036125443109924,0.8490988851552146,0.3171015246546974,1
15.0,3219.0,0.03261825414498092,46.49213746910548,0.882529394984392,0.3686946195709969,2
16.0,1964.0,0.027236870710270505,37.602287442468516,0.8950122099182136,0.3478774020225483,2
15.0,338.0,0.02936290486952726,12.687137085438737,0.9368519907891621,0.4796641712410451,2
13.0,632.0,0.02788911784591491,37.13823446820919,0.9074597584047701,0.3370364753356824,0
11.0,2149.0,0.0428803759484767,106.96291892165272,0.7625365753120669,0.20733026343147665,0
10.0,2750.0,0.0330721467500324,51.85520038178814,0.8731996075958277,0.3314529353019876,0
20.0,379.0,0.031115069336292676,47.52705952637188,0.8594570829440239,0.34220344266284003,0
17.0,2136.0,0.030935960591133006,47.36709937899619,0.8665743934129909,0.3334630621889629,0
12.0,1661.0,0.032733160672058774,52.81986327903156,0.8567898180834544,0.3384320525997058,2
19.0,1103.0,0.030382508227236427,51.829859950428315,0.8455269227609756,0.31211468246337115,0
12.0,418.0,0.028283442889489592,44.65978828890711,0.8516546862951403,0.2899983331128586,0
14.0,920.0,0.026788489152028954,28.407946701081713,0.90824233739274,0.4470462743722508,4
10.0,32.0,0.02641730256990369,35.78735836056754,0.9397965895069056,0.47658693796130225,1
15.0,1214.0,0.028018205542438175,37.115947416972766,0.8853779289117171,0.3814083961864603,0
9.0,1898.0,0.025992747563604333,36.92993461350034,0.9014130402600466,0.3972829671062801,2
17.0,904.0,0.02696090294355978,168.41321696014379,0.6789777850189924,0.15425076448875527,4
10.0,2491.0,0.03107074092917926,58.63452881133334,0.8299938584827973,0.29006872447568965,0
10.0,323.0,0.03125055531664599,24.913919752049097,0.9154822051333228,0.4414934435542484,2
19.0,78.0,0.03213261087301746,55.800235006630494,0.8889745904931556,0.3007717740439208,0
19.0,1662.0,0.03878582949290837,61.050704497045096,0.8368003229275085,0.31250034356397055,0
16.0,2088.0,0.028923569585973096,42.624382839678304,0.8636178030700494,0.2916401329243758,4
8.0,2970.0,0.02897661898794806,21.901233128961145,0.9397599866640517,0.4278830552304238,2
14.0,1065.0,0.028762158272561747,25.43847493645508,0.9346418224412496,0.4766601453667705,2
14.0,47.0,0.0264130373635071,28.95713812507291,0.8978015512457662,0.3661872660630106,0
18.0,1007.0,0.0272992211025558,33.924706217831826,0.9143147377976126,0.3949822088927927,1
14.0,754.0,0.025479520371639332,48.60567995147311,0.8686730259085762,0.26370352702368904,4
16.0,1419.0,0.028343305316562598,42.033164457991134,0.8761941629940732,0.35567795592456225,0
16.0,524.0,0.027144899164103044,37.10139949985938,0.8930572112642812,0.4116964202437566,0
13.0,913.0,0.030523688915375446,43.211958846281775,0.8764857443921594,0.35591184415744503,0
17.0,335.0,0.0263223189196901,35.64935128748451,0.903097103495335,0.4062033835960713,0
11.0,3049.0,0.04316676090772112,42.97303143168303,0.8707074025021858,0.28591144072157215,0
16.0,186.0,0.02710687934070523,44.755382266566905,0.8928225958696794,0.36224617118476676,1
4.0,224.0,0.022844217792115113,94.50818117981413,0.867877480768565,0.3044584878565536,0
5.0,1004.0,0.029793304245608603,85.34674471031701,0.8484608808674342,0.3395788185677201,0
14.0,621.0,0.03926905615144307,62.491495287695486,0.8289149742720106,0.2883984765269928,0
13.0,1963.0,0.032889360309773144,43.787475415510244,0.8707885464927775,0.36719819797393805,0
6.0,0.0,0.05317626134733251,70.12184498870216,0.8243198257838491,0.2121557642356628,0
11.0,2128.0,0.026995295992998686,38.63116123496221,0.9100431252816695,0.37717331608564003,4
12.0,693.0,0.02866939304772829,46.140292222595036,0.8593859139709252,0.34295128181354345,0
11.0,2056.0,0.030899685224759707,48.23536277880015,0.8699980231854579,0.3214506677863385,2
17.0,2430.0,0.03229899929778014,50.523054293515536,0.8475641037883636,0.3195137486402073,0
21.0,1822.0,0.027689555438217654,38.22648503457279,0.8837136401954249,0.3042819399588672,4
11.0,679.0,0.02772652470951977,47.866981147012424,0.8548929132915231,0.33802759499854074,0
19.0,816.0,0.028173960518728454,49.75007435879672,0.8892798451781176,0.34365804853292836,0
14.0,3333.0,0.026182880136520655,63.40152611752034,0.8468360916198944,0.2873947311186779,3
13.0,29.0,0.027096180967105532,27.044636189414444,0.9276511871802092,0.4584108097712385,2
13.0,2001.0,0.04137831199275261,67.31302870811083,0.8185695293911405,0.27122275320190015,0
8.0,1162.0,0.03567369722900023,116.82371688481895,0.8272925241168324,0.2709688332578742,0
18.0,1348.0,0.030702605676558227,39.457786780429444,0.8855842116590958,0.38499832310723486,0
17.0,1162.0,0.03656979321393298,71.71458037707947,0.8111493736007569,0.2504442210811707,0
21.0,2394.0,0.025199690901395216,44.526425686604654,0.8658592373943176,0.3124651123987528,2
16.0,4429.0,0.03195117864227761,36.13220958488425,0.8711624540276373,0.32707671170184366,2
12.0,2650.0,0.02857880302003373,41.309304672178506,0.8670342120040331,0.30766754240982186,4
14.0,2548.0,0.030494098509861636,52.547471705873335,0.8644743223304558,0.3744722318355681,2
9.0,1051.0,0.026293664172268257,57.70383353997404,0.9026241248190419,0.3287142351620358,0
15.0,66.0,0.02817572737421358,32.97178337265297,0.9062077568789407,0.36288505634819856,0
16.0,0.0,0.025974747520005736,50.221110756201135,0.914329087860196,0.33047030907373426,0
11.0,2488.0,0.027686227794007808,63.51830219140326,0.8453335727940192,0.3223583271199779,2
14.0,2309.0,0.028627834548300576,26.334801128940832,0.8840503197500935,0.3265032991640841,2
16.0,1990.0,0.034059681573905994,63.719165390210534,0.8560866538265033,0.3379030873637232,0
17.0,684.0,0.027739802493703065,33.43841107340994,0.9048210988879668,0.35122779747301375,1
8.0,339.0,0.027886916770147405,30.618998476833745,0.932500978827639,0.45233226693602824,1
4.0,1163.0,0.0281086231538828,87.0172986727801,0.8500635714338394,0.32639410980624217,0
11.0,862.0,0.029026124769067525,53.62453400076669,0.883513450974531,0.31050395361528055,0
21.0,1320.0,0.03447589734023535,53.46324013555669,0.8510224123153648,0.3121123516152988,1
8.0,1614.0,0.04363057429060433,44.77250677916638,0.8579524808454332,0.24679843874175605,0
13.0,985.0,0.028768295713153192,41.83442549463818,0.8900521892821812,0.333189882966219,4
18.0,240.0,0.027661838562281826,29.07096263526338,0.9011098085781564,0.35143540952820224,0
6.0,614.0,0.03264209069894788,97.24220598733143,0.8346456799975517,0.27143449687585797,0
14.0,1525.0,0.031128078718390635,52.84249645100517,0.8550465792887184,0.32000771696036695,0
11.0,1155.0,0.03514283320767362,58.55192114504291,0.8402130570131573,0.3271881258326793,0
18.0,0.0,0.02621407226128247,35.83208765878233,0.8872415715806774,0.388239552992905,0
8.0,7253.0,0.041081499900895546,71.48420799981588,0.8328327190451068,0.29677316396479847,2
8.0,2696.0,0.028214950418024794,32.736116969709336,0.9144806370390636,0.39570381010040023,1
19.0,1661.0,0.026312644998099023,44.432844710783215,0.8727332521231383,0.37752846676750607,0
15.0,571.0,0.032613188226994876,52.49946393436282,0.8397389920429694,0.3132768148798702,0
14.0,234.0,0.027871289881143475,28.767347311943183,0.9007461032117814,0.39801407762771207,0
14.0,608.0,0.02859473100464726,29.888504250865772,0.909475825990731,0.39231839323499773,2
20.0,645.0,0.030196228001214263,38.85637442548453,0.878999231810134,0.3521222483632692,0
2.0,5373.0,0.039875726057003916,56.02729267530235,0.8524134904886473,0.3116172511589451,0
23.0,937.0,0.026827631148936503,34.776638903713945,0.9045689843851563,0.3724595060687834,4
8.0,2545.0,0.038621034655258665,44.2785358231177,0.8834905127009938,0.3231344599169521,0
14.0,1141.0,0.02619543975965377,30.24575017896452,0.9166401024566396,0.4733164803269371,0
24.0,1099.0,0.026417967411284545,44.39260762708041,0.8685456712811797,0.2896208693925655,4
13.0,754.0,0.030535241389704246,42.23363806898332,0.9025327522699722,0.35907652376835775,0
13.0,1302.0,0.031515313221818726,48.50184131127431,0.8693237680005736,0.3525010801257282,0
12.0,171.0,0.030364013657450097,29.468729730917524,0.8948006697606847,0.3353807395887312,0
14.0,2973.0,0.033449830103489474,42.02730090682961,0.8713254262222435,0.34687752631986,4
17.0,1135.0,0.03207891478209055,46.40153489397581,0.8743831020069344,0.34488526974351136,0
7.0,86.0,0.02732015349109464,30.871584513546182,0.9246948539294152,0.4682153468591679,0
8.0,804.0,0.028099863587186604,29.264321351777053,0.9170415848283194,0.37079774546477967,2
8.0,1285.0,0.035241944850216825,38.69501841316121,0.9030723267773959,0.3518816517429275,0
14.0,4145.0,0.025754808124821543,41.573552084704104,0.8764503157717166,0.31990041810130637,3
11.0,4367.0,0.03052892317994765,34.9818865764337,0.8779949999731193,0.3475679672405282,0
10.0,4596.0,0.028208066841657733,42.55867707586266,0.8906513607002995,0.34360901937983546,3
17.0,1372.0,0.029484479727673107,45.00613881305655,0.8760260938121105,0.3686307208801315,0
2.0,643.0,0.03295004428994033,85.23941174746527,0.8615792779312419,0.3049106693638794,0
16.0,1082.0,0.02905219449352522,46.49089179969472,0.8643747418372163,0.3475355623476473,0
21.0,21.0,0.028431328090033854,39.55077472782824,0.9020034944533957,0.3477665903774515,2
9.0,144.0,0.030216988588131488,49.4481098833202,0.8665652821406329,0.3082309487536995,0
12.0,284.0,0.035832988649126735,30.78188460137639,0.9033371771773737,0.3429167578526317,1
5.0,574.0,0.029696981650592032,32.69607583299446,0.8919695747977507,0.3791657854859336,2
12.0,1958.0,0.028519784652083144,33.044764876682436,0.8848300647411296,0.3032119207900282,4
11.0,3368.0,0.034301999643081824,52.05549842524745,0.8512688418136127,0.3242444623875598,0
10.0,1133.0,0.02878203832942164,27.961734962095242,0.9139380842229694,0.40537753603967336,2
14.0,426.0,0.04204474033380665,71.52968939118202,0.8113679243717761,0.2658757255446271,0
10.0,51.0,0.027430579146082247,22.905970005222063,0.9323128977178586,0.4270446459154267,4
7.0,215.0,0.03314509209187237,63.44585462961172,0.8110021369125178,0.2437033870058958,0
10.0,20.0,0.027488455120493617,23.4477834650994,0.9325444953125139,0.4834297603352783,2
10.0,1089.0,0.037417561454188696,57.05489977665593,0.8189076983883661,0.2335293329806808,2
16.0,31.0,0.029753408743218624,35.97539647367788,0.8854410723807292,0.35654846833756537,0
8.0,1675.0,0.029326233505450373,51.89153059549635,0.8673632281071738,0.3448659334057834,0
16.0,2778.0,0.04292683534487994,74.34237008554118,0.811226630541655,0.26772866748296026,0
18.0,1147.0,0.026422891827755247,49.58849451159137,0.8625314498404135,0.30867555820897913,0
16.0,2319.0,0.027437859435764645,34.76216685036191,0.8778719731251523,0.32271775206378417,4
11.0,1553.0,0.026013363376240634,19.179903824172776,0.9471742351373456,0.4421042605519806,2
19.0,377.0,0.027144474378080936,39.963994049719304,0.9089094159637607,0.322368820161827,0
19.0,830.0,0.03371249283611956,50.57345848405038,0.864641039310605,0.31908337450498175,2
20.0,1081.0,0.02792824841818117,42.96208632593633,0.9099257968141237,0.36101344177878736,0
13.0,758.0,0.02812298664099917,30.823030654704233,0.9077196027470011,0.4435499366239836,0
22.0,1821.0,0.02931129476584022,50.72752721409617,0.8598968738308752,0.3311677126142229,0
17.0,899.0,0.03917319838081835,57.392577683552204,0.8411714271211461,0.29468439080416936,0
20.0,3030.0,0.027529984130811057,23.059350902147067,0.9050065426903462,0.40896109238535117,2
18.0,1327.0,0.04406481961592182,63.808863685279,0.823936974207889,0.2690538565660825,0
13.0,2611.0,0.02805875489640369,33.81876424368949,0.9029242204571166,0.42963150042104414,2
24.0,3209.0,0.03206064410276808,40.5227130463867,0.8675853781537257,0.30332651149154166,2
22.0,753.0,0.03125562709949022,48.88778789903986,0.8594432209510574,0.32360087806020055,0
15.0,752.0,0.03029174656960399,51.99305545518449,0.8815342966865176,0.3239192395879653,0
12.0,6370.0,0.024144607166599927,48.336926373364065,0.8533069574644642,0.29004728715106737,2
18.0,647.0,0.03157660901687215,76.43088440878428,0.8418534196374322,0.28674841961627895,0
10.0,1093.0,0.028711212265123073,32.579204066691275,0.8895326841981799,0.33328663047745105,0
13.0,376.0,0.028081442882613106,28.18791556098562,0.9293882802795344,0.43598975442634424,2
21.0,1493.0,0.030666480064688684,45.774188935336916,0.8660701548986718,0.34134252819564836,0
15.0,616.0,0.027402949504437453,29.77340575894804,0.8992940984379441,0.34581094866291995,2
17.0,1160.0,0.0292681507347592,46.58310934817938,0.8750641430329728,0.3527119557085957,1
3.0,732.0,0.04551588710856713,113.57169261583567,0.8202483177629312,0.2957478850769037,0
12.0,3135.0,0.028953106781417316,36.52306078509896,0.9052474588675823,0.4191192058700756,1
17.0,488.0,0.029529525944654744,26.17397761308732,0.9053900138937421,0.34699663404099074,0
19.0,1387.0,0.03496077331330624,37.23790863200279,0.8841357547758566,0.33297304304613606,0
9.0,6413.0,0.02970489006088339,38.32527732679269,0.8812142087703079,0.32288819297052923,2
23.0,1069.0,0.031028739963342357,48.8587607194946,0.8656753928038967,0.34160650103983436,0
5.0,883.0,0.034632822556181386,31.764971704153414,0.8970958214294907,0.3370204406038314,0
20.0,2108.0,0.028556127319719654,48.30916569397356,0.8679664201646222,0.37016158289840617,0
7.0,1001.0,0.03418064243490396,34.76975534457017,0.9012202120946018,0.34942357329538,0
18.0,1613.0,0.03426097557941356,46.15543974928481,0.8591906036179598,0.35026966452107083,0
16.0,804.0,0.033712447253771816,43.518521298313814,0.8767112899660452,0.32894286663206435,0
14.0,2929.0,0.026730248389016442,35.09416093764989,0.9119164913602121,0.38964651755224106,1
18.0,1205.0,0.02573942237530104,55.69084671397983,0.8788324442719371,0.3511886034584061,4
17.0,475.0,0.027188504070489443,45.46513031326241,0.9124145165358211,0.3790186375042203,1
9.0,579.0,0.04020488777499669,42.34274905582735,0.8786074802191222,0.3006630682777183,0
15.0,1495.0,0.05271025120923701,120.89947613237764,0.7273592291812205,0.18235476810599144,0
7.0,1092.0,0.03353589355489448,58.72190171131466,0.8338814000013184,0.2988964056450392,0
9.0,3970.0,0.02874289681611338,41.48608807611963,0.9000411884227706,0.3768630561897727,3
9.0,0.0,0.027267299144165064,23.121908943327526,0.9388012621181159,0.455705039101083,0
4.0,0.0,0.02863933816761656,20.563273886411086,0.9293432185750032,0.46104556739674246,2
20.0,673.0,0.029670010754952115,46.19249621615135,0.875971988910782,0.29064723039456475,4
21.0,1898.0,0.03207381607351461,31.473487508019407,0.8747080396966547,0.30357266237790753,0
12.0,729.0,0.02676924510138807,31.205890828541136,0.9094296124377508,0.44467428338093395,0
12.0,4509.0,0.03240546758267387,65.26134368177782,0.8414189826916116,0.2830652801499023,3
7.0,3069.0,0.029281432092684138,44.29380280156336,0.8740637342947091,0.35589301278379704,4
14.0,955.0,0.028557383048870885,43.263777016033146,0.8753317301853911,0.35571725412911837,0
19.0,203.0,0.026959111497176894,24.072286638355205,0.9335364314408283,0.4543650733128731,2
12.0,2859.0,0.03206557600855537,50.4987357275213,0.8759307464076476,0.3312649574714888,2
12.0,1705.0,0.034231760709601884,44.17622031430727,0.8409913968207572,0.30617015890186516,3
25.0,1014.0,0.030409390270572587,28.422126635074406,0.8802290714849557,0.3158425357362608,0
14.0,1241.0,0.03069213031835763,41.82649336132664,0.881300655152357,0.3795746220627271,0
21.0,581.0,0.030822178543960098,63.62421228896741,0.8195614976932467,0.29185871391533674,0
16.0,3019.0,0.03882964088183881,43.13910711368352,0.8733114599462665,0.3078302800101129,0
18.0,1429.0,0.027149820946851977,49.37832826523142,0.8910372798523564,0.34054500046740355,2
9.0,324.0,0.02663840266509671,24.353963954638928,0.936404122755219,0.4655941456902055,0
20.0,3593.0,0.027488493393865887,44.88914368525573,0.8454783185996471,0.2859418656615246,4
15.0,3122.0,0.02987300916110787,40.66529163133143,0.8760780428769931,0.35229285999148774,4
5.0,7879.0,0.02586918366832088,47.2190221058677,0.8541221997859076,0.28851316883637823,3
22.0,1263.0,0.02941391343545742,39.58836080478143,0.8769374573521367,0.3656605476170633,0
19.0,1467.0,0.029582079466972572,38.11200510338293,0.904774712657818,0.39839927841924366,1
11.0,0.0,0.030146341784829476,27.591213343746652,0.931790703941767,0.4113838361693241,0
9.0,2606.0,0.026693175151554657,48.238509780557905,0.8605860371216398,0.3421924562442248,0
11.0,45.0,0.033752376455607004,83.61165469529992,0.7603423731243735,0.25626234573258905,0
15.0,1826.0,0.0308020396973693,50.060872835375505,0.850690754978002,0.343557951291057,0
8.0,1713.0,0.028117221596917895,12.03068788492905,0.9547723301838178,0.4753739505346934,4
19.0,242.0,0.027556781263987754,26.199675968410432,0.8922190479020837,0.38593535018999214,1
14.0,27.0,0.0264817578861841,44.46088846808934,0.9041667565065371,0.38107273668099123,0
16.0,1575.0,0.030187780019933542,44.01302864610096,0.8994342573479941,0.3999985023575865,1
5.0,0.0,0.02657023521811347,41.90034135965786,0.8794885760317283,0.36786873501819783,0
18.0,309.0,0.03405266314667429,38.54441120290193,0.8857129720690117,0.3691405187906952,0
20.0,1463.0,0.028527231671125263,53.34871951183675,0.8418063077663822,0.3148923377446875,0
10.0,7099.0,0.028556167229393456,45.10945774469212,0.8738828937959726,0.34716749707853733,2
21.0,0.0,0.027787978219753057,42.13010248291931,0.9033084411096077,0.33622507747762453,1
17.0,214.0,0.028697932457387203,25.18842414666193,0.9237018015260356,0.5045002816268578,2
17.0,1514.0,0.025759297981541755,41.64798741205058,0.8930800450359807,0.3309852241808039,2
9.0,3580.0,0.02726472135372031,49.720582742413896,0.8861683864214114,0.3731380444169301,4
13.0,735.0,0.0326234642943978,98.48989711996045,0.7391523036676702,0.1953988635325628,0
10.0,2136.0,0.03880899690678843,64.0273568144098,0.8245769765312552,0.29151045773856415,0
4.0,343.0,0.028222495467144615,144.45043503006497,0.8364713751628502,0.2457692098942763,0
10.0,1413.0,0.04042342403028307,43.8787646550038,0.8819021219168196,0.30346039557178744,0
17.0,1851.0,0.02782618571154441,39.461123403227916,0.9070741333363513,0.3547364041280761,4
8.0,837.0,0.030445069973047974,40.59602540569263,0.848844746817683,0.2961070629830159,0
9.0,3787.0,0.026758020923715205,50.87493288494194,0.8281199520179419,0.2666789026179742,0
10.0,4455.0,0.02929536548327838,34.93396187275359,0.8897695391325309,0.35846306552091234,2
15.0,4719.0,0.030233655443152648,46.52124210068867,0.8583202763448102,0.2940487821697905,3
20.0,1305.0,0.03922528774227246,56.51115915519151,0.8434369924449894,0.3140752072820341,0
6.0,1189.0,0.02996866513473992,63.450824486076726,0.8645622742452508,0.3264765976862205,0
12.0,1935.0,0.03247866775735653,47.41291217470434,0.8414839947586934,0.25031217949833157,3
2.0,746.0,0.02813835631890973,55.036301979121525,0.8833655918124653,0.37584365213541804,0
14.0,733.0,0.028038941574066355,19.61582972970629,0.9336227720936865,0.43674290271545724,2
16.0,1780.0,0.028390431169870067,45.633428075938724,0.8641241686385293,0.3268891455639353,2
16.0,282.0,0.02804370875525674,33.30246911760853,0.9142780093974449,0.4325888814768966,0
15.0,1321.0,0.03418641311614053,43.277922966129566,0.8741443725656277,0.34556935773118175,2
18.0,2323.0,0.029351901446170326,53.04630605586957,0.8535350035804691,0.3557293838489449,0
10.0,363.0,0.027643740223829153,34.48124832658527,0.9207750719884491,0.3964600678398996,0
15.0,2866.0,0.028697753660446045,35.9802717444431,0.9034982716614617,0.3934220930566912,0
23.0,212.0,0.0275049115913556,27.577628269012123,0.9196802392553963,0.4600632507980103,2
6.0,773.0,0.025912493696908578,28.534243036219742,0.9156011568073883,0.46677343382986325,2
13.0,2243.0,0.03560294436025114,51.61115865314029,0.8483180091552394,0.3216577239918367,0
10.0,3046.0,0.027693714680747262,39.259141222352284,0.857522879571392,0.32416369234597664,2
20.0,714.0,0.02712736065936686,34.80572156934722,0.9055738143820651,0.39607457398310875,0
16.0,213.0,0.02541582874433815,44.560526343243055,0.8888541609195856,0.3574193413762155,4
18.0,4222.0,0.033526355870222506,63.1259486922971,0.8331145921274392,0.2639266919413656,2
17.0,1454.0,0.04002838495224045,83.56232890987332,0.7993249804130506,0.24547235215375746,0
9.0,578.0,0.02943550301476523,24.509170414433086,0.918524280180901,0.4123123823560773,0
19.0,299.0,0.025955108873560076,31.48757160011558,0.9049949705072429,0.4140512175568837,0
19.0,3402.0,0.02751689409752119,29.459520806046505,0.9227625888572004,0.43513828582725567,2
14.0,1115.0,0.0272362153242629,51.944886622153355,0.8365013161029795,0.29619602913891063,0
15.0,1549.0,0.029836430688028433,35.45433912720533,0.8647989708274779,0.2992624164593478,3
12.0,1001.0,0.0320338658832641,47.61129758554512,0.8560238264269195,0.3387330404123201,0
19.0,0.0,0.02770332585427437,23.808087302785243,0.9421730270480513,0.5075600404565639,1
18.0,2808.0,0.027990852487767972,57.02221835485729,0.8587276270199736,0.2770192358516512,4
13.0,0.0,0.03022148623473401,35.33958522179694,0.8744930846149788,0.38151694210054293,0
13.0,1441.0,0.027598548475868567,36.94433919490379,0.8891806175807494,0.3968765072941055,0
11.0,4677.0,0.027978271752884552,50.735162063480956,0.844886140753126,0.30506544314865003,2
23.0,1455.0,0.032507985481508204,46.644363038200304,0.8764370972343742,0.3396456858546292,0
15.0,2076.0,0.03488027597717356,49.50578220196733,0.8619112932969271,0.33611554391611054,0
8.0,198.0,0.03178206108944374,95.93596692939775,0.8480198066330571,0.27605538876694874,0
14.0,1327.0,0.02822957525983865,30.35607988797013,0.9228348093772673,0.408353233253995,2
16.0,575.0,0.03263759824013255,48.71143654693785,0.8808870262923212,0.31871677069251375,0
12.0,2445.0,0.02756486449278594,30.03891628780623,0.9061390734778512,0.43096761218188795,2
6.0,1695.0,0.030177928504240083,55.214798355826844,0.8436789025476924,0.26762712412134726,2
23.0,1714.0,0.02469573712152489,28.43996838057589,0.9069791732531982,0.34213039224786496,2
17.0,1331.0,0.040892534711412735,73.77232661671148,0.8009629515594583,0.25177928399699206,0
16.0,258.0,0.029817825633105973,33.081333646434004,0.8898375051374742,0.3783602777721368,0
17.0,697.0,0.029373395012571468,33.39435629039405,0.8703022587742149,0.3170043925817198,0
18.0,87.0,0.029325750300238415,34.50174169366133,0.9061003122823075,0.42827220574406494,1
11.0,1101.0,0.026195006756002927,38.71731625843249,0.8908225800323332,0.363582165475865,0
10.0,1025.0,0.03989806209927239,68.51768100612705,0.8275647558694837,0.287097184593568,0
16.0,2315.0,0.027184183747637737,48.88056169103267,0.9089742594571788,0.34900461334677296,2
15.0,1241.0,0.03153123525996027,57.19752692391851,0.8256898839188475,0.22833435706685862,3
18.0,43.0,0.026121715948477425,26.00485120368866,0.9342715537702189,0.5101101223842959,0
15.0,677.0,0.030388178561748413,52.78801201739989,0.8789642597091378,0.3341765319509351,4
18.0,1569.0,0.035884580378415826,61.75431104680048,0.828443044218514,0.29501908098896107,0
10.0,2238.0,0.028784794162688046,22.380877447102513,0.9087189173037851,0.3441386416052433,2
9.0,577.0,0.03131369163742435,112.66743147415741,0.7199197630038444,0.2075913746720659,0
8.0,132.0,0.031473125124825245,149.11381798399333,0.7041492841023231,0.20587984110228236,0
14.0,4393.0,0.034904603980409205,36.367186257795986,0.8796583209282387,0.3390209995947551,1
3.0,1272.0,0.033823633908903576,51.929269106964,0.8394114875343184,0.2690966058918313,0
15.0,472.0,0.03194448767430279,50.9321983689455,0.8411185770759129,0.2733174793278015,3
22.0,1225.0,0.02866122190015302,36.15029449460975,0.8941513798453824,0.4234754254437247,0
14.0,1108.0,0.030386718889473627,55.41662273979597,0.8597470027827243,0.33110762280567135,0
10.0,609.0,0.02824697557635243,22.57818754289261,0.9425738506440218,0.4977653868282212,1
8.0,4744.0,0.02590537394720513,37.17409790674478,0.8913523077917294,0.2998357202510328,4
15.0,0.0,0.027076482586770142,44.85516616403084,0.9133475655529769,0.3590341873454821,0
18.0,1000.0,0.030159074650140266,41.68948949650887,0.8529440188447642,0.28671552207571827,3
20.0,1844.0,0.030981162793199526,35.421218527337885,0.8738025122855617,0.3242695472432937,0
14.0,1142.0,0.030169832836891064,46.12932409687532,0.8501048003527554,0.3133680348179627,1
16.0,1709.0,0.02800585763901125,40.20123773598483,0.8893440837557558,0.35340165190813017,2
9.0,2704.0,0.03431970675789311,84.55659567920614,0.7836301149878084,0.22910315110817586,0
22.0,0.0,0.027920009242053696,29.09602509211855,0.9307422359224062,0.46851458311449623,1
15.0,241.0,0.026531481268513138,34.12560627500361,0.8905850919626603,0.37679568031770994,0
9.0,1678.0,0.02662351221549384,35.11898691260524,0.9229728556807885,0.41160088384219706,1
13.0,1024.0,0.03611127913306874,51.20314901386461,0.8568735127359439,0.32677016170763473,0
16.0,191.0,0.027524521453571274,36.68195618632659,0.9107024404227716,0.36218001897198576,1
19.0,154.0,0.02882159861491848,19.430048527184915,0.8988344073572353,0.3460679084004112,0
18.0,1387.0,0.03597767900190052,61.527715493647264,0.8299359255415651,0.3029074578055702,0
12.0,0.0,0.026451069019945473,42.77911061297246,0.9201838440838885,0.3515088773764925,0
10.0,5008.0,0.030196318898978985,41.29624361561396,0.8970532567148388,0.3367527231117169,2
21.0,521.0,0.03016158964026768,29.371739569751007,0.9097766270474527,0.35780408730943647,2
13.0,589.0,0.027320538214602827,29.050894812397278,0.9453666257541317,0.5134423495523892,0
19.0,918.0,0.02635596404972912,45.465069976801324,0.8735570888631689,0.37357743923729264,0
12.0,0.0,0.029939594455723487,57.16590038672962,0.811346383628093,0.30490070908745487,0
15.0,239.0,0.03187947274732086,51.229389033946845,0.8607108762283311,0.2858882147494196,0
10.0,1133.0,0.02878203832942164,27.961734962095242,0.9139380842229694,0.40537753603967336,2
8.0,1731.0,0.03475969907983089,63.080861370389066,0.8248158989182309,0.28786977346232,0
11.0,0.0,0.026932751640922847,43.846191052371395,0.9080124707220802,0.34626910109133996,2
10.0,1393.0,0.027934210375400004,38.58453092868713,0.8894827193057104,0.31598853520389286,4
14.0,1699.0,0.02597208723710298,43.35017782071729,0.8631172948031641,0.3483582059880856,0
13.0,4451.0,0.026993316300151338,49.11888592975102,0.8839162237963876,0.34451213064262964,2
14.0,4751.0,0.027663427330371543,38.172936032492814,0.8790183411408177,0.31199665776447744,2
19.0,1649.0,0.027603080739787404,44.03126577314849,0.8680541151474772,0.35254425280576884,0
12.0,0.0,0.029950657512344565,93.53338985934643,0.7503053935873085,0.2254235172894811,0
12.0,69.0,0.029457966901363895,20.238305955539936,0.9104218652148263,0.40241910211621323,2
